model,strategy,window_days,scenario,review_effectiveness,update_cost,false_escalation_cost,rows,fraud_count,cost_total,cost_per_txn,reward_total,review_count,review_rate,escalate_count,approve_count,fraud_approved,fraud_referred,fraud_referred_rate,false_escalations_per_1000_legit,updates,update_cost_total
lightgbm,static,initial_70pct,model,0.6,0.0,5.0,88581,3083,851527.5987450001,9.612982453855794,-851527.5987450001,4892,0.055226290062202955,3768,79921,946,2137,0.6931560168666883,24.152611757000166,0,0.0
lightgbm,static,initial_70pct,model,0.6,0.0,10.0,88581,3083,861852.5987450001,9.729542438502614,-861852.5987450001,4892,0.055226290062202955,3768,79921,946,2137,0.6931560168666883,24.152611757000166,0,0.0
lightgbm,static,initial_70pct,model,0.6,0.0,25.0,88581,3083,892827.5987450001,10.079222392443075,-892827.5987450001,4892,0.055226290062202955,3768,79921,946,2137,0.6931560168666883,24.152611757000166,0,0.0
lightgbm,static,initial_70pct,model,0.6,100.0,5.0,88581,3083,851527.5987450001,9.612982453855794,-851527.5987450001,4892,0.055226290062202955,3768,79921,946,2137,0.6931560168666883,24.152611757000166,0,0.0
lightgbm,static,initial_70pct,model,0.6,100.0,10.0,88581,3083,861852.5987450001,9.729542438502614,-861852.5987450001,4892,0.055226290062202955,3768,79921,946,2137,0.6931560168666883,24.152611757000166,0,0.0
lightgbm,static,initial_70pct,model,0.6,100.0,25.0,88581,3083,892827.5987450001,10.079222392443075,-892827.5987450001,4892,0.055226290062202955,3768,79921,946,2137,0.6931560168666883,24.152611757000166,0,0.0
lightgbm,static,initial_70pct,model,0.6,500.0,5.0,88581,3083,851527.5987450001,9.612982453855794,-851527.5987450001,4892,0.055226290062202955,3768,79921,946,2137,0.6931560168666883,24.152611757000166,0,0.0
lightgbm,static,initial_70pct,model,0.6,500.0,10.0,88581,3083,861852.5987450001,9.729542438502614,-861852.5987450001,4892,0.055226290062202955,3768,79921,946,2137,0.6931560168666883,24.152611757000166,0,0.0
lightgbm,static,initial_70pct,model,0.6,500.0,25.0,88581,3083,892827.5987450001,10.079222392443075,-892827.5987450001,4892,0.055226290062202955,3768,79921,946,2137,0.6931560168666883,24.152611757000166,0,0.0
lightgbm,static,initial_70pct,model,0.8,0.0,5.0,88581,3083,770774.9368530001,8.701357366173333,-770774.9368530001,4892,0.055226290062202955,3768,79921,946,2137,0.6931560168666883,24.152611757000166,0,0.0
lightgbm,static,initial_70pct,model,0.8,0.0,10.0,88581,3083,781099.9368530001,8.817917350820155,-781099.9368530001,4892,0.055226290062202955,3768,79921,946,2137,0.6931560168666883,24.152611757000166,0,0.0
lightgbm,static,initial_70pct,model,0.8,0.0,25.0,88581,3083,812074.9368530001,9.167597304760616,-812074.9368530001,4892,0.055226290062202955,3768,79921,946,2137,0.6931560168666883,24.152611757000166,0,0.0
lightgbm,static,initial_70pct,model,0.8,100.0,5.0,88581,3083,770774.9368530001,8.701357366173333,-770774.9368530001,4892,0.055226290062202955,3768,79921,946,2137,0.6931560168666883,24.152611757000166,0,0.0
lightgbm,static,initial_70pct,model,0.8,100.0,10.0,88581,3083,781099.9368530001,8.817917350820155,-781099.9368530001,4892,0.055226290062202955,3768,79921,946,2137,0.6931560168666883,24.152611757000166,0,0.0
lightgbm,static,initial_70pct,model,0.8,100.0,25.0,88581,3083,812074.9368530001,9.167597304760616,-812074.9368530001,4892,0.055226290062202955,3768,79921,946,2137,0.6931560168666883,24.152611757000166,0,0.0
lightgbm,static,initial_70pct,model,0.8,500.0,5.0,88581,3083,770774.9368530001,8.701357366173333,-770774.9368530001,4892,0.055226290062202955,3768,79921,946,2137,0.6931560168666883,24.152611757000166,0,0.0
lightgbm,static,initial_70pct,model,0.8,500.0,10.0,88581,3083,781099.9368530001,8.817917350820155,-781099.9368530001,4892,0.055226290062202955,3768,79921,946,2137,0.6931560168666883,24.152611757000166,0,0.0
lightgbm,static,initial_70pct,model,0.8,500.0,25.0,88581,3083,812074.9368530001,9.167597304760616,-812074.9368530001,4892,0.055226290062202955,3768,79921,946,2137,0.6931560168666883,24.152611757000166,0,0.0
lightgbm,static,initial_70pct,model,1.0,0.0,5.0,88581,3083,690022.2749610001,7.789732278490874,-690022.2749610001,4892,0.055226290062202955,3768,79921,946,2137,0.6931560168666883,24.152611757000166,0,0.0
lightgbm,static,initial_70pct,model,1.0,0.0,10.0,88581,3083,700347.2749610001,7.906292263137694,-700347.2749610001,4892,0.055226290062202955,3768,79921,946,2137,0.6931560168666883,24.152611757000166,0,0.0
lightgbm,static,initial_70pct,model,1.0,0.0,25.0,88581,3083,731322.2749610001,8.255972217078154,-731322.2749610001,4892,0.055226290062202955,3768,79921,946,2137,0.6931560168666883,24.152611757000166,0,0.0
lightgbm,static,initial_70pct,model,1.0,100.0,5.0,88581,3083,690022.2749610001,7.789732278490874,-690022.2749610001,4892,0.055226290062202955,3768,79921,946,2137,0.6931560168666883,24.152611757000166,0,0.0
lightgbm,static,initial_70pct,model,1.0,100.0,10.0,88581,3083,700347.2749610001,7.906292263137694,-700347.2749610001,4892,0.055226290062202955,3768,79921,946,2137,0.6931560168666883,24.152611757000166,0,0.0
lightgbm,static,initial_70pct,model,1.0,100.0,25.0,88581,3083,731322.2749610001,8.255972217078154,-731322.2749610001,4892,0.055226290062202955,3768,79921,946,2137,0.6931560168666883,24.152611757000166,0,0.0
lightgbm,static,initial_70pct,model,1.0,500.0,5.0,88581,3083,690022.2749610001,7.789732278490874,-690022.2749610001,4892,0.055226290062202955,3768,79921,946,2137,0.6931560168666883,24.152611757000166,0,0.0
lightgbm,static,initial_70pct,model,1.0,500.0,10.0,88581,3083,700347.2749610001,7.906292263137694,-700347.2749610001,4892,0.055226290062202955,3768,79921,946,2137,0.6931560168666883,24.152611757000166,0,0.0
lightgbm,static,initial_70pct,model,1.0,500.0,25.0,88581,3083,731322.2749610001,8.255972217078154,-731322.2749610001,4892,0.055226290062202955,3768,79921,946,2137,0.6931560168666883,24.152611757000166,0,0.0
lightgbm,periodic,14,model,0.6,0.0,5.0,88581,3083,919508.621551,10.380427197152889,-919508.621551,4884,0.0551359772411691,4194,79503,882,2201,0.7139150178397664,27.146833844066528,5,0.0
lightgbm,periodic,14,model,0.6,0.0,10.0,88581,3083,931113.621551,10.511437233165127,-931113.621551,4884,0.0551359772411691,4194,79503,882,2201,0.7139150178397664,27.146833844066528,5,0.0
lightgbm,periodic,14,model,0.6,0.0,25.0,88581,3083,965928.621551,10.904467341201839,-965928.621551,4884,0.0551359772411691,4194,79503,882,2201,0.7139150178397664,27.146833844066528,5,0.0
lightgbm,periodic,14,model,0.6,100.0,5.0,88581,3083,920008.621551,10.386071748467504,-920008.621551,4884,0.0551359772411691,4194,79503,882,2201,0.7139150178397664,27.146833844066528,5,500.0
lightgbm,periodic,14,model,0.6,100.0,10.0,88581,3083,931613.621551,10.517081784479743,-931613.621551,4884,0.0551359772411691,4194,79503,882,2201,0.7139150178397664,27.146833844066528,5,500.0
lightgbm,periodic,14,model,0.6,100.0,25.0,88581,3083,966428.621551,10.910111892516454,-966428.621551,4884,0.0551359772411691,4194,79503,882,2201,0.7139150178397664,27.146833844066528,5,500.0
lightgbm,periodic,14,model,0.6,500.0,5.0,88581,3083,922008.621551,10.408649953725968,-922008.621551,4884,0.0551359772411691,4194,79503,882,2201,0.7139150178397664,27.146833844066528,5,2500.0
lightgbm,periodic,14,model,0.6,500.0,10.0,88581,3083,933613.621551,10.539659989738206,-933613.621551,4884,0.0551359772411691,4194,79503,882,2201,0.7139150178397664,27.146833844066528,5,2500.0
lightgbm,periodic,14,model,0.6,500.0,25.0,88581,3083,968428.621551,10.932690097774918,-968428.621551,4884,0.0551359772411691,4194,79503,882,2201,0.7139150178397664,27.146833844066528,5,2500.0
lightgbm,periodic,14,model,0.8,0.0,5.0,88581,3083,858305.001031,9.689493243822039,-858305.001031,4884,0.0551359772411691,4194,79503,882,2201,0.7139150178397664,27.146833844066528,5,0.0
lightgbm,periodic,14,model,0.8,0.0,10.0,88581,3083,869910.001031,9.820503279834277,-869910.001031,4884,0.0551359772411691,4194,79503,882,2201,0.7139150178397664,27.146833844066528,5,0.0
lightgbm,periodic,14,model,0.8,0.0,25.0,88581,3083,904725.001031,10.213533387870989,-904725.001031,4884,0.0551359772411691,4194,79503,882,2201,0.7139150178397664,27.146833844066528,5,0.0
lightgbm,periodic,14,model,0.8,100.0,5.0,88581,3083,858805.001031,9.695137795136656,-858805.001031,4884,0.0551359772411691,4194,79503,882,2201,0.7139150178397664,27.146833844066528,5,500.0
lightgbm,periodic,14,model,0.8,100.0,10.0,88581,3083,870410.001031,9.826147831148893,-870410.001031,4884,0.0551359772411691,4194,79503,882,2201,0.7139150178397664,27.146833844066528,5,500.0
lightgbm,periodic,14,model,0.8,100.0,25.0,88581,3083,905225.001031,10.219177939185604,-905225.001031,4884,0.0551359772411691,4194,79503,882,2201,0.7139150178397664,27.146833844066528,5,500.0
lightgbm,periodic,14,model,0.8,500.0,5.0,88581,3083,860805.001031,9.71771600039512,-860805.001031,4884,0.0551359772411691,4194,79503,882,2201,0.7139150178397664,27.146833844066528,5,2500.0
lightgbm,periodic,14,model,0.8,500.0,10.0,88581,3083,872410.001031,9.848726036407356,-872410.001031,4884,0.0551359772411691,4194,79503,882,2201,0.7139150178397664,27.146833844066528,5,2500.0
lightgbm,periodic,14,model,0.8,500.0,25.0,88581,3083,907225.001031,10.241756144444068,-907225.001031,4884,0.0551359772411691,4194,79503,882,2201,0.7139150178397664,27.146833844066528,5,2500.0
lightgbm,periodic,14,model,1.0,0.0,5.0,88581,3083,797101.380511,8.998559290491189,-797101.380511,4884,0.0551359772411691,4194,79503,882,2201,0.7139150178397664,27.146833844066528,5,0.0
lightgbm,periodic,14,model,1.0,0.0,10.0,88581,3083,808706.380511,9.129569326503427,-808706.380511,4884,0.0551359772411691,4194,79503,882,2201,0.7139150178397664,27.146833844066528,5,0.0
lightgbm,periodic,14,model,1.0,0.0,25.0,88581,3083,843521.380511,9.522599434540139,-843521.380511,4884,0.0551359772411691,4194,79503,882,2201,0.7139150178397664,27.146833844066528,5,0.0
lightgbm,periodic,14,model,1.0,100.0,5.0,88581,3083,797601.380511,9.004203841805806,-797601.380511,4884,0.0551359772411691,4194,79503,882,2201,0.7139150178397664,27.146833844066528,5,500.0
lightgbm,periodic,14,model,1.0,100.0,10.0,88581,3083,809206.380511,9.135213877818043,-809206.380511,4884,0.0551359772411691,4194,79503,882,2201,0.7139150178397664,27.146833844066528,5,500.0
lightgbm,periodic,14,model,1.0,100.0,25.0,88581,3083,844021.380511,9.528243985854756,-844021.380511,4884,0.0551359772411691,4194,79503,882,2201,0.7139150178397664,27.146833844066528,5,500.0
lightgbm,periodic,14,model,1.0,500.0,5.0,88581,3083,799601.380511,9.02678204706427,-799601.380511,4884,0.0551359772411691,4194,79503,882,2201,0.7139150178397664,27.146833844066528,5,2500.0
lightgbm,periodic,14,model,1.0,500.0,10.0,88581,3083,811206.380511,9.157792083076506,-811206.380511,4884,0.0551359772411691,4194,79503,882,2201,0.7139150178397664,27.146833844066528,5,2500.0
lightgbm,periodic,14,model,1.0,500.0,25.0,88581,3083,846021.380511,9.55082219111322,-846021.380511,4884,0.0551359772411691,4194,79503,882,2201,0.7139150178397664,27.146833844066528,5,2500.0
lightgbm,alert,14,model,0.6,0.0,5.0,88581,3083,969226.394004,10.941696232871609,-969226.394004,4841,0.05465054582811212,3906,79834,924,2159,0.700291923451184,24.88947109873915,2,0.0
lightgbm,alert,14,model,0.6,0.0,10.0,88581,3083,979866.394004,11.061812284846637,-979866.394004,4841,0.05465054582811212,3906,79834,924,2159,0.700291923451184,24.88947109873915,2,0.0
lightgbm,alert,14,model,0.6,0.0,25.0,88581,3083,1011786.394004,11.422160440771723,-1011786.394004,4841,0.05465054582811212,3906,79834,924,2159,0.700291923451184,24.88947109873915,2,0.0
lightgbm,alert,14,model,0.6,100.0,5.0,88581,3083,969426.394004,10.943954053397455,-969426.394004,4841,0.05465054582811212,3906,79834,924,2159,0.700291923451184,24.88947109873915,2,200.0
lightgbm,alert,14,model,0.6,100.0,10.0,88581,3083,980066.394004,11.064070105372483,-980066.394004,4841,0.05465054582811212,3906,79834,924,2159,0.700291923451184,24.88947109873915,2,200.0
lightgbm,alert,14,model,0.6,100.0,25.0,88581,3083,1011986.394004,11.42441826129757,-1011986.394004,4841,0.05465054582811212,3906,79834,924,2159,0.700291923451184,24.88947109873915,2,200.0
lightgbm,alert,14,model,0.6,500.0,5.0,88581,3083,970226.394004,10.952985335500841,-970226.394004,4841,0.05465054582811212,3906,79834,924,2159,0.700291923451184,24.88947109873915,2,1000.0
lightgbm,alert,14,model,0.6,500.0,10.0,88581,3083,980866.394004,11.07310138747587,-980866.394004,4841,0.05465054582811212,3906,79834,924,2159,0.700291923451184,24.88947109873915,2,1000.0
lightgbm,alert,14,model,0.6,500.0,25.0,88581,3083,1012786.394004,11.433449543400956,-1012786.394004,4841,0.05465054582811212,3906,79834,924,2159,0.700291923451184,24.88947109873915,2,1000.0
lightgbm,alert,14,model,0.8,0.0,5.0,88581,3083,897375.371796,10.13056266915027,-897375.371796,4841,0.05465054582811212,3906,79834,924,2159,0.700291923451184,24.88947109873915,2,0.0
lightgbm,alert,14,model,0.8,0.0,10.0,88581,3083,908015.371796,10.250678721125299,-908015.371796,4841,0.05465054582811212,3906,79834,924,2159,0.700291923451184,24.88947109873915,2,0.0
lightgbm,alert,14,model,0.8,0.0,25.0,88581,3083,939935.371796,10.611026877050383,-939935.371796,4841,0.05465054582811212,3906,79834,924,2159,0.700291923451184,24.88947109873915,2,0.0
lightgbm,alert,14,model,0.8,100.0,5.0,88581,3083,897575.371796,10.132820489676115,-897575.371796,4841,0.05465054582811212,3906,79834,924,2159,0.700291923451184,24.88947109873915,2,200.0
lightgbm,alert,14,model,0.8,100.0,10.0,88581,3083,908215.371796,10.252936541651145,-908215.371796,4841,0.05465054582811212,3906,79834,924,2159,0.700291923451184,24.88947109873915,2,200.0
lightgbm,alert,14,model,0.8,100.0,25.0,88581,3083,940135.371796,10.61328469757623,-940135.371796,4841,0.05465054582811212,3906,79834,924,2159,0.700291923451184,24.88947109873915,2,200.0
lightgbm,alert,14,model,0.8,500.0,5.0,88581,3083,898375.371796,10.141851771779502,-898375.371796,4841,0.05465054582811212,3906,79834,924,2159,0.700291923451184,24.88947109873915,2,1000.0
lightgbm,alert,14,model,0.8,500.0,10.0,88581,3083,909015.371796,10.26196782375453,-909015.371796,4841,0.05465054582811212,3906,79834,924,2159,0.700291923451184,24.88947109873915,2,1000.0
lightgbm,alert,14,model,0.8,500.0,25.0,88581,3083,940935.371796,10.622315979679616,-940935.371796,4841,0.05465054582811212,3906,79834,924,2159,0.700291923451184,24.88947109873915,2,1000.0
lightgbm,alert,14,model,1.0,0.0,5.0,88581,3083,825524.349588,9.319429105428929,-825524.349588,4841,0.05465054582811212,3906,79834,924,2159,0.700291923451184,24.88947109873915,2,0.0
lightgbm,alert,14,model,1.0,0.0,10.0,88581,3083,836164.3495880001,9.439545157403959,-836164.3495880001,4841,0.05465054582811212,3906,79834,924,2159,0.700291923451184,24.88947109873915,2,0.0
lightgbm,alert,14,model,1.0,0.0,25.0,88581,3083,868084.3495880001,9.799893313329045,-868084.3495880001,4841,0.05465054582811212,3906,79834,924,2159,0.700291923451184,24.88947109873915,2,0.0
lightgbm,alert,14,model,1.0,100.0,5.0,88581,3083,825724.349588,9.321686925954776,-825724.349588,4841,0.05465054582811212,3906,79834,924,2159,0.700291923451184,24.88947109873915,2,200.0
lightgbm,alert,14,model,1.0,100.0,10.0,88581,3083,836364.3495880001,9.441802977929806,-836364.3495880001,4841,0.05465054582811212,3906,79834,924,2159,0.700291923451184,24.88947109873915,2,200.0
lightgbm,alert,14,model,1.0,100.0,25.0,88581,3083,868284.3495880001,9.80215113385489,-868284.3495880001,4841,0.05465054582811212,3906,79834,924,2159,0.700291923451184,24.88947109873915,2,200.0
lightgbm,alert,14,model,1.0,500.0,5.0,88581,3083,826524.349588,9.330718208058162,-826524.349588,4841,0.05465054582811212,3906,79834,924,2159,0.700291923451184,24.88947109873915,2,1000.0
lightgbm,alert,14,model,1.0,500.0,10.0,88581,3083,837164.3495880001,9.450834260033192,-837164.3495880001,4841,0.05465054582811212,3906,79834,924,2159,0.700291923451184,24.88947109873915,2,1000.0
lightgbm,alert,14,model,1.0,500.0,25.0,88581,3083,869084.3495880001,9.811182415958276,-869084.3495880001,4841,0.05465054582811212,3906,79834,924,2159,0.700291923451184,24.88947109873915,2,1000.0
lightgbm,periodic,30,model,0.6,0.0,5.0,88581,3083,869233.7786770001,9.81286933627979,-869233.7786770001,4898,0.055294024677978344,4225,79458,836,2247,0.7288355497891664,27.088352943928513,5,0.0
lightgbm,periodic,30,model,0.6,0.0,10.0,88581,3083,880813.7786770001,9.943597144726297,-880813.7786770001,4898,0.055294024677978344,4225,79458,836,2247,0.7288355497891664,27.088352943928513,5,0.0
lightgbm,periodic,30,model,0.6,0.0,25.0,88581,3083,915553.7786770001,10.335780570065817,-915553.7786770001,4898,0.055294024677978344,4225,79458,836,2247,0.7288355497891664,27.088352943928513,5,0.0
lightgbm,periodic,30,model,0.6,100.0,5.0,88581,3083,869733.7786770001,9.818513887594406,-869733.7786770001,4898,0.055294024677978344,4225,79458,836,2247,0.7288355497891664,27.088352943928513,5,500.0
lightgbm,periodic,30,model,0.6,100.0,10.0,88581,3083,881313.7786770001,9.949241696040913,-881313.7786770001,4898,0.055294024677978344,4225,79458,836,2247,0.7288355497891664,27.088352943928513,5,500.0
lightgbm,periodic,30,model,0.6,100.0,25.0,88581,3083,916053.7786770001,10.341425121380432,-916053.7786770001,4898,0.055294024677978344,4225,79458,836,2247,0.7288355497891664,27.088352943928513,5,500.0
lightgbm,periodic,30,model,0.6,500.0,5.0,88581,3083,871733.7786770001,9.84109209285287,-871733.7786770001,4898,0.055294024677978344,4225,79458,836,2247,0.7288355497891664,27.088352943928513,5,2500.0
lightgbm,periodic,30,model,0.6,500.0,10.0,88581,3083,883313.7786770001,9.971819901299376,-883313.7786770001,4898,0.055294024677978344,4225,79458,836,2247,0.7288355497891664,27.088352943928513,5,2500.0
lightgbm,periodic,30,model,0.6,500.0,25.0,88581,3083,918053.7786770001,10.364003326638896,-918053.7786770001,4898,0.055294024677978344,4225,79458,836,2247,0.7288355497891664,27.088352943928513,5,2500.0
lightgbm,periodic,30,model,0.8,0.0,5.0,88581,3083,810015.795055,9.144351441674852,-810015.795055,4898,0.055294024677978344,4225,79458,836,2247,0.7288355497891664,27.088352943928513,5,0.0
lightgbm,periodic,30,model,0.8,0.0,10.0,88581,3083,821595.795055,9.275079250121358,-821595.795055,4898,0.055294024677978344,4225,79458,836,2247,0.7288355497891664,27.088352943928513,5,0.0
lightgbm,periodic,30,model,0.8,0.0,25.0,88581,3083,856335.795055,9.667262675460877,-856335.795055,4898,0.055294024677978344,4225,79458,836,2247,0.7288355497891664,27.088352943928513,5,0.0
lightgbm,periodic,30,model,0.8,100.0,5.0,88581,3083,810515.795055,9.149995992989467,-810515.795055,4898,0.055294024677978344,4225,79458,836,2247,0.7288355497891664,27.088352943928513,5,500.0
lightgbm,periodic,30,model,0.8,100.0,10.0,88581,3083,822095.795055,9.280723801435974,-822095.795055,4898,0.055294024677978344,4225,79458,836,2247,0.7288355497891664,27.088352943928513,5,500.0
lightgbm,periodic,30,model,0.8,100.0,25.0,88581,3083,856835.795055,9.672907226775493,-856835.795055,4898,0.055294024677978344,4225,79458,836,2247,0.7288355497891664,27.088352943928513,5,500.0
lightgbm,periodic,30,model,0.8,500.0,5.0,88581,3083,812515.795055,9.172574198247931,-812515.795055,4898,0.055294024677978344,4225,79458,836,2247,0.7288355497891664,27.088352943928513,5,2500.0
lightgbm,periodic,30,model,0.8,500.0,10.0,88581,3083,824095.795055,9.303302006694437,-824095.795055,4898,0.055294024677978344,4225,79458,836,2247,0.7288355497891664,27.088352943928513,5,2500.0
lightgbm,periodic,30,model,0.8,500.0,25.0,88581,3083,858835.795055,9.695485432033957,-858835.795055,4898,0.055294024677978344,4225,79458,836,2247,0.7288355497891664,27.088352943928513,5,2500.0
lightgbm,periodic,30,model,1.0,0.0,5.0,88581,3083,750797.811433,8.475833547069914,-750797.811433,4898,0.055294024677978344,4225,79458,836,2247,0.7288355497891664,27.088352943928513,5,0.0
lightgbm,periodic,30,model,1.0,0.0,10.0,88581,3083,762377.811433,8.60656135551642,-762377.811433,4898,0.055294024677978344,4225,79458,836,2247,0.7288355497891664,27.088352943928513,5,0.0
lightgbm,periodic,30,model,1.0,0.0,25.0,88581,3083,797117.811433,8.99874478085594,-797117.811433,4898,0.055294024677978344,4225,79458,836,2247,0.7288355497891664,27.088352943928513,5,0.0
lightgbm,periodic,30,model,1.0,100.0,5.0,88581,3083,751297.811433,8.48147809838453,-751297.811433,4898,0.055294024677978344,4225,79458,836,2247,0.7288355497891664,27.088352943928513,5,500.0
lightgbm,periodic,30,model,1.0,100.0,10.0,88581,3083,762877.811433,8.612205906831036,-762877.811433,4898,0.055294024677978344,4225,79458,836,2247,0.7288355497891664,27.088352943928513,5,500.0
lightgbm,periodic,30,model,1.0,100.0,25.0,88581,3083,797617.811433,9.004389332170556,-797617.811433,4898,0.055294024677978344,4225,79458,836,2247,0.7288355497891664,27.088352943928513,5,500.0
lightgbm,periodic,30,model,1.0,500.0,5.0,88581,3083,753297.811433,8.504056303642994,-753297.811433,4898,0.055294024677978344,4225,79458,836,2247,0.7288355497891664,27.088352943928513,5,2500.0
lightgbm,periodic,30,model,1.0,500.0,10.0,88581,3083,764877.811433,8.6347841120895,-764877.811433,4898,0.055294024677978344,4225,79458,836,2247,0.7288355497891664,27.088352943928513,5,2500.0
lightgbm,periodic,30,model,1.0,500.0,25.0,88581,3083,799617.811433,9.02696753742902,-799617.811433,4898,0.055294024677978344,4225,79458,836,2247,0.7288355497891664,27.088352943928513,5,2500.0
lightgbm,alert,30,model,0.6,0.0,5.0,88581,3083,987863.3918280001,11.15209121400752,-987863.3918280001,4866,0.05493277339384292,3716,79999,913,2170,0.7038598767434318,22.456665652997728,2,0.0
lightgbm,alert,30,model,0.6,0.0,10.0,88581,3083,997463.3918280001,11.260466599248147,-997463.3918280001,4866,0.05493277339384292,3716,79999,913,2170,0.7038598767434318,22.456665652997728,2,0.0
lightgbm,alert,30,model,0.6,0.0,25.0,88581,3083,1026263.3918280001,11.585592754970028,-1026263.3918280001,4866,0.05493277339384292,3716,79999,913,2170,0.7038598767434318,22.456665652997728,2,0.0
lightgbm,alert,30,model,0.6,100.0,5.0,88581,3083,988063.3918280001,11.154349034533366,-988063.3918280001,4866,0.05493277339384292,3716,79999,913,2170,0.7038598767434318,22.456665652997728,2,200.0
lightgbm,alert,30,model,0.6,100.0,10.0,88581,3083,997663.3918280001,11.262724419773994,-997663.3918280001,4866,0.05493277339384292,3716,79999,913,2170,0.7038598767434318,22.456665652997728,2,200.0
lightgbm,alert,30,model,0.6,100.0,25.0,88581,3083,1026463.3918280001,11.587850575495874,-1026463.3918280001,4866,0.05493277339384292,3716,79999,913,2170,0.7038598767434318,22.456665652997728,2,200.0
lightgbm,alert,30,model,0.6,500.0,5.0,88581,3083,988863.3918280001,11.16338031663675,-988863.3918280001,4866,0.05493277339384292,3716,79999,913,2170,0.7038598767434318,22.456665652997728,2,1000.0
lightgbm,alert,30,model,0.6,500.0,10.0,88581,3083,998463.3918280001,11.271755701877378,-998463.3918280001,4866,0.05493277339384292,3716,79999,913,2170,0.7038598767434318,22.456665652997728,2,1000.0
lightgbm,alert,30,model,0.6,500.0,25.0,88581,3083,1027263.3918280001,11.59688185759926,-1027263.3918280001,4866,0.05493277339384292,3716,79999,913,2170,0.7038598767434318,22.456665652997728,2,1000.0
lightgbm,alert,30,model,0.8,0.0,5.0,88581,3083,923343.842034,10.423723394791208,-923343.842034,4866,0.05493277339384292,3716,79999,913,2170,0.7038598767434318,22.456665652997728,2,0.0
lightgbm,alert,30,model,0.8,0.0,10.0,88581,3083,932943.842034,10.532098780031834,-932943.842034,4866,0.05493277339384292,3716,79999,913,2170,0.7038598767434318,22.456665652997728,2,0.0
lightgbm,alert,30,model,0.8,0.0,25.0,88581,3083,961743.842034,10.857224935753717,-961743.842034,4866,0.05493277339384292,3716,79999,913,2170,0.7038598767434318,22.456665652997728,2,0.0
lightgbm,alert,30,model,0.8,100.0,5.0,88581,3083,923543.842034,10.425981215317055,-923543.842034,4866,0.05493277339384292,3716,79999,913,2170,0.7038598767434318,22.456665652997728,2,200.0
lightgbm,alert,30,model,0.8,100.0,10.0,88581,3083,933143.842034,10.53435660055768,-933143.842034,4866,0.05493277339384292,3716,79999,913,2170,0.7038598767434318,22.456665652997728,2,200.0
lightgbm,alert,30,model,0.8,100.0,25.0,88581,3083,961943.842034,10.859482756279563,-961943.842034,4866,0.05493277339384292,3716,79999,913,2170,0.7038598767434318,22.456665652997728,2,200.0
lightgbm,alert,30,model,0.8,500.0,5.0,88581,3083,924343.842034,10.43501249742044,-924343.842034,4866,0.05493277339384292,3716,79999,913,2170,0.7038598767434318,22.456665652997728,2,1000.0
lightgbm,alert,30,model,0.8,500.0,10.0,88581,3083,933943.842034,10.543387882661067,-933943.842034,4866,0.05493277339384292,3716,79999,913,2170,0.7038598767434318,22.456665652997728,2,1000.0
lightgbm,alert,30,model,0.8,500.0,25.0,88581,3083,962743.842034,10.86851403838295,-962743.842034,4866,0.05493277339384292,3716,79999,913,2170,0.7038598767434318,22.456665652997728,2,1000.0
lightgbm,alert,30,model,1.0,0.0,5.0,88581,3083,858824.2922400001,9.695355575574899,-858824.2922400001,4866,0.05493277339384292,3716,79999,913,2170,0.7038598767434318,22.456665652997728,2,0.0
lightgbm,alert,30,model,1.0,0.0,10.0,88581,3083,868424.2922400001,9.803730960815527,-868424.2922400001,4866,0.05493277339384292,3716,79999,913,2170,0.7038598767434318,22.456665652997728,2,0.0
lightgbm,alert,30,model,1.0,0.0,25.0,88581,3083,897224.2922400001,10.128857116537407,-897224.2922400001,4866,0.05493277339384292,3716,79999,913,2170,0.7038598767434318,22.456665652997728,2,0.0
lightgbm,alert,30,model,1.0,100.0,5.0,88581,3083,859024.2922400001,9.697613396100746,-859024.2922400001,4866,0.05493277339384292,3716,79999,913,2170,0.7038598767434318,22.456665652997728,2,200.0
lightgbm,alert,30,model,1.0,100.0,10.0,88581,3083,868624.2922400001,9.805988781341373,-868624.2922400001,4866,0.05493277339384292,3716,79999,913,2170,0.7038598767434318,22.456665652997728,2,200.0
lightgbm,alert,30,model,1.0,100.0,25.0,88581,3083,897424.2922400001,10.131114937063254,-897424.2922400001,4866,0.05493277339384292,3716,79999,913,2170,0.7038598767434318,22.456665652997728,2,200.0
lightgbm,alert,30,model,1.0,500.0,5.0,88581,3083,859824.2922400001,9.70664467820413,-859824.2922400001,4866,0.05493277339384292,3716,79999,913,2170,0.7038598767434318,22.456665652997728,2,1000.0
lightgbm,alert,30,model,1.0,500.0,10.0,88581,3083,869424.2922400001,9.815020063444758,-869424.2922400001,4866,0.05493277339384292,3716,79999,913,2170,0.7038598767434318,22.456665652997728,2,1000.0
lightgbm,alert,30,model,1.0,500.0,25.0,88581,3083,898224.2922400001,10.14014621916664,-898224.2922400001,4866,0.05493277339384292,3716,79999,913,2170,0.7038598767434318,22.456665652997728,2,1000.0
lightgbm,periodic,45,model,0.6,0.0,5.0,88581,3083,851042.3162730001,9.607504050225218,-851042.3162730001,4898,0.055294024677978344,4015,79668,817,2266,0.734998378203049,25.100002339236006,5,0.0
lightgbm,periodic,45,model,0.6,0.0,10.0,88581,3083,861772.3162730001,9.728636121436878,-861772.3162730001,4898,0.055294024677978344,4015,79668,817,2266,0.734998378203049,25.100002339236006,5,0.0
lightgbm,periodic,45,model,0.6,0.0,25.0,88581,3083,893962.3162730001,10.092032335071856,-893962.3162730001,4898,0.055294024677978344,4015,79668,817,2266,0.734998378203049,25.100002339236006,5,0.0
lightgbm,periodic,45,model,0.6,100.0,5.0,88581,3083,851542.3162730001,9.613148601539834,-851542.3162730001,4898,0.055294024677978344,4015,79668,817,2266,0.734998378203049,25.100002339236006,5,500.0
lightgbm,periodic,45,model,0.6,100.0,10.0,88581,3083,862272.3162730001,9.734280672751494,-862272.3162730001,4898,0.055294024677978344,4015,79668,817,2266,0.734998378203049,25.100002339236006,5,500.0
lightgbm,periodic,45,model,0.6,100.0,25.0,88581,3083,894462.3162730001,10.097676886386472,-894462.3162730001,4898,0.055294024677978344,4015,79668,817,2266,0.734998378203049,25.100002339236006,5,500.0
lightgbm,periodic,45,model,0.6,500.0,5.0,88581,3083,853542.3162730001,9.6357268067983,-853542.3162730001,4898,0.055294024677978344,4015,79668,817,2266,0.734998378203049,25.100002339236006,5,2500.0
lightgbm,periodic,45,model,0.6,500.0,10.0,88581,3083,864272.3162730001,9.756858878009957,-864272.3162730001,4898,0.055294024677978344,4015,79668,817,2266,0.734998378203049,25.100002339236006,5,2500.0
lightgbm,periodic,45,model,0.6,500.0,25.0,88581,3083,896462.3162730001,10.120255091644935,-896462.3162730001,4898,0.055294024677978344,4015,79668,817,2266,0.734998378203049,25.100002339236006,5,2500.0
lightgbm,periodic,45,model,0.8,0.0,5.0,88581,3083,779322.9934230001,8.797857254072545,-779322.9934230001,4898,0.055294024677978344,4015,79668,817,2266,0.734998378203049,25.100002339236006,5,0.0
lightgbm,periodic,45,model,0.8,0.0,10.0,88581,3083,790052.993423,8.918989325284203,-790052.993423,4898,0.055294024677978344,4015,79668,817,2266,0.734998378203049,25.100002339236006,5,0.0
lightgbm,periodic,45,model,0.8,0.0,25.0,88581,3083,822242.993423,9.282385538919181,-822242.993423,4898,0.055294024677978344,4015,79668,817,2266,0.734998378203049,25.100002339236006,5,0.0
lightgbm,periodic,45,model,0.8,100.0,5.0,88581,3083,779822.9934230001,8.80350180538716,-779822.9934230001,4898,0.055294024677978344,4015,79668,817,2266,0.734998378203049,25.100002339236006,5,500.0
lightgbm,periodic,45,model,0.8,100.0,10.0,88581,3083,790552.993423,8.924633876598818,-790552.993423,4898,0.055294024677978344,4015,79668,817,2266,0.734998378203049,25.100002339236006,5,500.0
lightgbm,periodic,45,model,0.8,100.0,25.0,88581,3083,822742.993423,9.288030090233796,-822742.993423,4898,0.055294024677978344,4015,79668,817,2266,0.734998378203049,25.100002339236006,5,500.0
lightgbm,periodic,45,model,0.8,500.0,5.0,88581,3083,781822.9934230001,8.826080010645624,-781822.9934230001,4898,0.055294024677978344,4015,79668,817,2266,0.734998378203049,25.100002339236006,5,2500.0
lightgbm,periodic,45,model,0.8,500.0,10.0,88581,3083,792552.993423,8.947212081857282,-792552.993423,4898,0.055294024677978344,4015,79668,817,2266,0.734998378203049,25.100002339236006,5,2500.0
lightgbm,periodic,45,model,0.8,500.0,25.0,88581,3083,824742.993423,9.31060829549226,-824742.993423,4898,0.055294024677978344,4015,79668,817,2266,0.734998378203049,25.100002339236006,5,2500.0
lightgbm,periodic,45,model,1.0,0.0,5.0,88581,3083,707603.670573,7.98821045791987,-707603.670573,4898,0.055294024677978344,4015,79668,817,2266,0.734998378203049,25.100002339236006,5,0.0
lightgbm,periodic,45,model,1.0,0.0,10.0,88581,3083,718333.670573,8.10934252913153,-718333.670573,4898,0.055294024677978344,4015,79668,817,2266,0.734998378203049,25.100002339236006,5,0.0
lightgbm,periodic,45,model,1.0,0.0,25.0,88581,3083,750523.670573,8.472738742766508,-750523.670573,4898,0.055294024677978344,4015,79668,817,2266,0.734998378203049,25.100002339236006,5,0.0
lightgbm,periodic,45,model,1.0,100.0,5.0,88581,3083,708103.670573,7.993855009234486,-708103.670573,4898,0.055294024677978344,4015,79668,817,2266,0.734998378203049,25.100002339236006,5,500.0
lightgbm,periodic,45,model,1.0,100.0,10.0,88581,3083,718833.670573,8.114987080446145,-718833.670573,4898,0.055294024677978344,4015,79668,817,2266,0.734998378203049,25.100002339236006,5,500.0
lightgbm,periodic,45,model,1.0,100.0,25.0,88581,3083,751023.670573,8.478383294081123,-751023.670573,4898,0.055294024677978344,4015,79668,817,2266,0.734998378203049,25.100002339236006,5,500.0
lightgbm,periodic,45,model,1.0,500.0,5.0,88581,3083,710103.670573,8.016433214492949,-710103.670573,4898,0.055294024677978344,4015,79668,817,2266,0.734998378203049,25.100002339236006,5,2500.0
lightgbm,periodic,45,model,1.0,500.0,10.0,88581,3083,720833.670573,8.137565285704609,-720833.670573,4898,0.055294024677978344,4015,79668,817,2266,0.734998378203049,25.100002339236006,5,2500.0
lightgbm,periodic,45,model,1.0,500.0,25.0,88581,3083,753023.670573,8.500961499339587,-753023.670573,4898,0.055294024677978344,4015,79668,817,2266,0.734998378203049,25.100002339236006,5,2500.0
lightgbm,alert,45,model,0.6,0.0,5.0,88581,3083,936684.7565024999,10.574330347393909,-936684.7565024999,4841,0.05465054582811212,3556,80184,891,2192,0.7109957833279273,21.485882710706683,2,0.0
lightgbm,alert,45,model,0.6,0.0,10.0,88581,3083,945869.7565024999,10.678020755043406,-945869.7565024999,4841,0.05465054582811212,3556,80184,891,2192,0.7109957833279273,21.485882710706683,2,0.0
lightgbm,alert,45,model,0.6,0.0,25.0,88581,3083,973424.7565024999,10.989091977991894,-973424.7565024999,4841,0.05465054582811212,3556,80184,891,2192,0.7109957833279273,21.485882710706683,2,0.0
lightgbm,alert,45,model,0.6,100.0,5.0,88581,3083,936884.7565024999,10.576588167919756,-936884.7565024999,4841,0.05465054582811212,3556,80184,891,2192,0.7109957833279273,21.485882710706683,2,200.0
lightgbm,alert,45,model,0.6,100.0,10.0,88581,3083,946069.7565024999,10.680278575569252,-946069.7565024999,4841,0.05465054582811212,3556,80184,891,2192,0.7109957833279273,21.485882710706683,2,200.0
lightgbm,alert,45,model,0.6,100.0,25.0,88581,3083,973624.7565024999,10.99134979851774,-973624.7565024999,4841,0.05465054582811212,3556,80184,891,2192,0.7109957833279273,21.485882710706683,2,200.0
lightgbm,alert,45,model,0.6,500.0,5.0,88581,3083,937684.7565024999,10.585619450023142,-937684.7565024999,4841,0.05465054582811212,3556,80184,891,2192,0.7109957833279273,21.485882710706683,2,1000.0
lightgbm,alert,45,model,0.6,500.0,10.0,88581,3083,946869.7565024999,10.689309857672638,-946869.7565024999,4841,0.05465054582811212,3556,80184,891,2192,0.7109957833279273,21.485882710706683,2,1000.0
lightgbm,alert,45,model,0.6,500.0,25.0,88581,3083,974424.7565024999,11.000381080621125,-974424.7565024999,4841,0.05465054582811212,3556,80184,891,2192,0.7109957833279273,21.485882710706683,2,1000.0
lightgbm,alert,45,model,0.8,0.0,5.0,88581,3083,859298.3578605,9.700707351017712,-859298.3578605,4841,0.05465054582811212,3556,80184,891,2192,0.7109957833279273,21.485882710706683,2,0.0
lightgbm,alert,45,model,0.8,0.0,10.0,88581,3083,868483.3578605,9.804397758667209,-868483.3578605,4841,0.05465054582811212,3556,80184,891,2192,0.7109957833279273,21.485882710706683,2,0.0
lightgbm,alert,45,model,0.8,0.0,25.0,88581,3083,896038.3578605,10.115468981615697,-896038.3578605,4841,0.05465054582811212,3556,80184,891,2192,0.7109957833279273,21.485882710706683,2,0.0
lightgbm,alert,45,model,0.8,100.0,5.0,88581,3083,859498.3578605,9.702965171543559,-859498.3578605,4841,0.05465054582811212,3556,80184,891,2192,0.7109957833279273,21.485882710706683,2,200.0
lightgbm,alert,45,model,0.8,100.0,10.0,88581,3083,868683.3578605,9.806655579193055,-868683.3578605,4841,0.05465054582811212,3556,80184,891,2192,0.7109957833279273,21.485882710706683,2,200.0
lightgbm,alert,45,model,0.8,100.0,25.0,88581,3083,896238.3578605,10.117726802141542,-896238.3578605,4841,0.05465054582811212,3556,80184,891,2192,0.7109957833279273,21.485882710706683,2,200.0
lightgbm,alert,45,model,0.8,500.0,5.0,88581,3083,860298.3578605,9.711996453646945,-860298.3578605,4841,0.05465054582811212,3556,80184,891,2192,0.7109957833279273,21.485882710706683,2,1000.0
lightgbm,alert,45,model,0.8,500.0,10.0,88581,3083,869483.3578605,9.81568686129644,-869483.3578605,4841,0.05465054582811212,3556,80184,891,2192,0.7109957833279273,21.485882710706683,2,1000.0
lightgbm,alert,45,model,0.8,500.0,25.0,88581,3083,897038.3578605,10.126758084244928,-897038.3578605,4841,0.05465054582811212,3556,80184,891,2192,0.7109957833279273,21.485882710706683,2,1000.0
lightgbm,alert,45,model,1.0,0.0,5.0,88581,3083,781911.9592185002,8.827084354641517,-781911.9592185002,4841,0.05465054582811212,3556,80184,891,2192,0.7109957833279273,21.485882710706683,2,0.0
lightgbm,alert,45,model,1.0,0.0,10.0,88581,3083,791096.9592185002,8.930774762291012,-791096.9592185002,4841,0.05465054582811212,3556,80184,891,2192,0.7109957833279273,21.485882710706683,2,0.0
lightgbm,alert,45,model,1.0,0.0,25.0,88581,3083,818651.9592185002,9.2418459852395,-818651.9592185002,4841,0.05465054582811212,3556,80184,891,2192,0.7109957833279273,21.485882710706683,2,0.0
lightgbm,alert,45,model,1.0,100.0,5.0,88581,3083,782111.9592185002,8.829342175167364,-782111.9592185002,4841,0.05465054582811212,3556,80184,891,2192,0.7109957833279273,21.485882710706683,2,200.0
lightgbm,alert,45,model,1.0,100.0,10.0,88581,3083,791296.9592185002,8.933032582816859,-791296.9592185002,4841,0.05465054582811212,3556,80184,891,2192,0.7109957833279273,21.485882710706683,2,200.0
lightgbm,alert,45,model,1.0,100.0,25.0,88581,3083,818851.9592185002,9.244103805765347,-818851.9592185002,4841,0.05465054582811212,3556,80184,891,2192,0.7109957833279273,21.485882710706683,2,200.0
lightgbm,alert,45,model,1.0,500.0,5.0,88581,3083,782911.9592185002,8.838373457270748,-782911.9592185002,4841,0.05465054582811212,3556,80184,891,2192,0.7109957833279273,21.485882710706683,2,1000.0
lightgbm,alert,45,model,1.0,500.0,10.0,88581,3083,792096.9592185002,8.942063864920245,-792096.9592185002,4841,0.05465054582811212,3556,80184,891,2192,0.7109957833279273,21.485882710706683,2,1000.0
lightgbm,alert,45,model,1.0,500.0,25.0,88581,3083,819651.9592185002,9.253135087868733,-819651.9592185002,4841,0.05465054582811212,3556,80184,891,2192,0.7109957833279273,21.485882710706683,2,1000.0
lightgbm,periodic,expanding,model,0.6,0.0,5.0,88581,3083,851346.8581905002,9.610942055186781,-851346.8581905002,4898,0.055294024677978344,4025,79658,869,2214,0.7181316899124229,26.01230438138904,5,0.0
lightgbm,periodic,expanding,model,0.6,0.0,10.0,88581,3083,862466.8581905002,9.73647687642384,-862466.8581905002,4898,0.055294024677978344,4025,79658,869,2214,0.7181316899124229,26.01230438138904,5,0.0
lightgbm,periodic,expanding,model,0.6,0.0,25.0,88581,3083,895826.8581905002,10.11308134013502,-895826.8581905002,4898,0.055294024677978344,4025,79658,869,2214,0.7181316899124229,26.01230438138904,5,0.0
lightgbm,periodic,expanding,model,0.6,100.0,5.0,88581,3083,851846.8581905002,9.616586606501397,-851846.8581905002,4898,0.055294024677978344,4025,79658,869,2214,0.7181316899124229,26.01230438138904,5,500.0
lightgbm,periodic,expanding,model,0.6,100.0,10.0,88581,3083,862966.8581905002,9.742121427738455,-862966.8581905002,4898,0.055294024677978344,4025,79658,869,2214,0.7181316899124229,26.01230438138904,5,500.0
lightgbm,periodic,expanding,model,0.6,100.0,25.0,88581,3083,896326.8581905002,10.118725891449635,-896326.8581905002,4898,0.055294024677978344,4025,79658,869,2214,0.7181316899124229,26.01230438138904,5,500.0
lightgbm,periodic,expanding,model,0.6,500.0,5.0,88581,3083,853846.8581905002,9.63916481175986,-853846.8581905002,4898,0.055294024677978344,4025,79658,869,2214,0.7181316899124229,26.01230438138904,5,2500.0
lightgbm,periodic,expanding,model,0.6,500.0,10.0,88581,3083,864966.8581905002,9.764699632996921,-864966.8581905002,4898,0.055294024677978344,4025,79658,869,2214,0.7181316899124229,26.01230438138904,5,2500.0
lightgbm,periodic,expanding,model,0.6,500.0,25.0,88581,3083,898326.8581905002,10.1413040967081,-898326.8581905002,4898,0.055294024677978344,4025,79658,869,2214,0.7181316899124229,26.01230438138904,5,2500.0
lightgbm,periodic,expanding,model,0.8,0.0,5.0,88581,3083,772896.3115544999,8.725305782893622,-772896.3115544999,4898,0.055294024677978344,4025,79658,869,2214,0.7181316899124229,26.01230438138904,5,0.0
lightgbm,periodic,expanding,model,0.8,0.0,10.0,88581,3083,784016.3115544999,8.850840604130681,-784016.3115544999,4898,0.055294024677978344,4025,79658,869,2214,0.7181316899124229,26.01230438138904,5,0.0
lightgbm,periodic,expanding,model,0.8,0.0,25.0,88581,3083,817376.3115544999,9.227445067841861,-817376.3115544999,4898,0.055294024677978344,4025,79658,869,2214,0.7181316899124229,26.01230438138904,5,0.0
lightgbm,periodic,expanding,model,0.8,100.0,5.0,88581,3083,773396.3115544999,8.730950334208238,-773396.3115544999,4898,0.055294024677978344,4025,79658,869,2214,0.7181316899124229,26.01230438138904,5,500.0
lightgbm,periodic,expanding,model,0.8,100.0,10.0,88581,3083,784516.3115544999,8.856485155445297,-784516.3115544999,4898,0.055294024677978344,4025,79658,869,2214,0.7181316899124229,26.01230438138904,5,500.0
lightgbm,periodic,expanding,model,0.8,100.0,25.0,88581,3083,817876.3115544999,9.233089619156477,-817876.3115544999,4898,0.055294024677978344,4025,79658,869,2214,0.7181316899124229,26.01230438138904,5,500.0
lightgbm,periodic,expanding,model,0.8,500.0,5.0,88581,3083,775396.3115544999,8.753528539466702,-775396.3115544999,4898,0.055294024677978344,4025,79658,869,2214,0.7181316899124229,26.01230438138904,5,2500.0
lightgbm,periodic,expanding,model,0.8,500.0,10.0,88581,3083,786516.3115544999,8.879063360703762,-786516.3115544999,4898,0.055294024677978344,4025,79658,869,2214,0.7181316899124229,26.01230438138904,5,2500.0
lightgbm,periodic,expanding,model,0.8,500.0,25.0,88581,3083,819876.3115544999,9.25566782441494,-819876.3115544999,4898,0.055294024677978344,4025,79658,869,2214,0.7181316899124229,26.01230438138904,5,2500.0
lightgbm,periodic,expanding,model,1.0,0.0,5.0,88581,3083,694445.7649185001,7.839669510600468,-694445.7649185001,4898,0.055294024677978344,4025,79658,869,2214,0.7181316899124229,26.01230438138904,5,0.0
lightgbm,periodic,expanding,model,1.0,0.0,10.0,88581,3083,705565.7649185001,7.965204331837528,-705565.7649185001,4898,0.055294024677978344,4025,79658,869,2214,0.7181316899124229,26.01230438138904,5,0.0
lightgbm,periodic,expanding,model,1.0,0.0,25.0,88581,3083,738925.7649185001,8.341808795548708,-738925.7649185001,4898,0.055294024677978344,4025,79658,869,2214,0.7181316899124229,26.01230438138904,5,0.0
lightgbm,periodic,expanding,model,1.0,100.0,5.0,88581,3083,694945.7649185001,7.845314061915085,-694945.7649185001,4898,0.055294024677978344,4025,79658,869,2214,0.7181316899124229,26.01230438138904,5,500.0
lightgbm,periodic,expanding,model,1.0,100.0,10.0,88581,3083,706065.7649185001,7.9708488831521445,-706065.7649185001,4898,0.055294024677978344,4025,79658,869,2214,0.7181316899124229,26.01230438138904,5,500.0
lightgbm,periodic,expanding,model,1.0,100.0,25.0,88581,3083,739425.7649185001,8.347453346863324,-739425.7649185001,4898,0.055294024677978344,4025,79658,869,2214,0.7181316899124229,26.01230438138904,5,500.0
lightgbm,periodic,expanding,model,1.0,500.0,5.0,88581,3083,696945.7649185001,7.8678922671735485,-696945.7649185001,4898,0.055294024677978344,4025,79658,869,2214,0.7181316899124229,26.01230438138904,5,2500.0
lightgbm,periodic,expanding,model,1.0,500.0,10.0,88581,3083,708065.7649185001,7.993427088410608,-708065.7649185001,4898,0.055294024677978344,4025,79658,869,2214,0.7181316899124229,26.01230438138904,5,2500.0
lightgbm,periodic,expanding,model,1.0,500.0,25.0,88581,3083,741425.7649185001,8.370031552121787,-741425.7649185001,4898,0.055294024677978344,4025,79658,869,2214,0.7181316899124229,26.01230438138904,5,2500.0
lightgbm,alert,expanding,model,0.6,0.0,5.0,88581,3083,910247.5417825,10.275877917188788,-910247.5417825,4898,0.055294024677978344,4119,79564,898,2185,0.7087252675964969,27.719946665419073,1,0.0
lightgbm,alert,expanding,model,0.6,0.0,10.0,88581,3083,922097.5417825,10.409653783345187,-922097.5417825,4898,0.055294024677978344,4119,79564,898,2185,0.7087252675964969,27.719946665419073,1,0.0
lightgbm,alert,expanding,model,0.6,0.0,25.0,88581,3083,957647.5417825,10.810981381814385,-957647.5417825,4898,0.055294024677978344,4119,79564,898,2185,0.7087252675964969,27.719946665419073,1,0.0
lightgbm,alert,expanding,model,0.6,100.0,5.0,88581,3083,910347.5417825,10.27700682745171,-910347.5417825,4898,0.055294024677978344,4119,79564,898,2185,0.7087252675964969,27.719946665419073,1,100.0
lightgbm,alert,expanding,model,0.6,100.0,10.0,88581,3083,922197.5417825,10.41078269360811,-922197.5417825,4898,0.055294024677978344,4119,79564,898,2185,0.7087252675964969,27.719946665419073,1,100.0
lightgbm,alert,expanding,model,0.6,100.0,25.0,88581,3083,957747.5417825,10.812110292077307,-957747.5417825,4898,0.055294024677978344,4119,79564,898,2185,0.7087252675964969,27.719946665419073,1,100.0
lightgbm,alert,expanding,model,0.6,500.0,5.0,88581,3083,910747.5417825,10.281522468503404,-910747.5417825,4898,0.055294024677978344,4119,79564,898,2185,0.7087252675964969,27.719946665419073,1,500.0
lightgbm,alert,expanding,model,0.6,500.0,10.0,88581,3083,922597.5417825,10.415298334659802,-922597.5417825,4898,0.055294024677978344,4119,79564,898,2185,0.7087252675964969,27.719946665419073,1,500.0
lightgbm,alert,expanding,model,0.6,500.0,25.0,88581,3083,958147.5417825,10.816625933129,-958147.5417825,4898,0.055294024677978344,4119,79564,898,2185,0.7087252675964969,27.719946665419073,1,500.0
lightgbm,alert,expanding,model,0.8,0.0,5.0,88581,3083,826538.2941744999,9.33087562992628,-826538.2941744999,4898,0.055294024677978344,4119,79564,898,2185,0.7087252675964969,27.719946665419073,1,0.0
lightgbm,alert,expanding,model,0.8,0.0,10.0,88581,3083,838388.2941744999,9.46465149608268,-838388.2941744999,4898,0.055294024677978344,4119,79564,898,2185,0.7087252675964969,27.719946665419073,1,0.0
lightgbm,alert,expanding,model,0.8,0.0,25.0,88581,3083,873938.2941744999,9.865979094551879,-873938.2941744999,4898,0.055294024677978344,4119,79564,898,2185,0.7087252675964969,27.719946665419073,1,0.0
lightgbm,alert,expanding,model,0.8,100.0,5.0,88581,3083,826638.2941744999,9.332004540189205,-826638.2941744999,4898,0.055294024677978344,4119,79564,898,2185,0.7087252675964969,27.719946665419073,1,100.0
lightgbm,alert,expanding,model,0.8,100.0,10.0,88581,3083,838488.2941744999,9.465780406345603,-838488.2941744999,4898,0.055294024677978344,4119,79564,898,2185,0.7087252675964969,27.719946665419073,1,100.0
lightgbm,alert,expanding,model,0.8,100.0,25.0,88581,3083,874038.2941744999,9.867108004814801,-874038.2941744999,4898,0.055294024677978344,4119,79564,898,2185,0.7087252675964969,27.719946665419073,1,100.0
lightgbm,alert,expanding,model,0.8,500.0,5.0,88581,3083,827038.2941744999,9.336520181240898,-827038.2941744999,4898,0.055294024677978344,4119,79564,898,2185,0.7087252675964969,27.719946665419073,1,500.0
lightgbm,alert,expanding,model,0.8,500.0,10.0,88581,3083,838888.2941744999,9.470296047397296,-838888.2941744999,4898,0.055294024677978344,4119,79564,898,2185,0.7087252675964969,27.719946665419073,1,500.0
lightgbm,alert,expanding,model,0.8,500.0,25.0,88581,3083,874438.2941744999,9.871623645866494,-874438.2941744999,4898,0.055294024677978344,4119,79564,898,2185,0.7087252675964969,27.719946665419073,1,500.0
lightgbm,alert,expanding,model,1.0,0.0,5.0,88581,3083,742829.0465665,8.385873342663777,-742829.0465665,4898,0.055294024677978344,4119,79564,898,2185,0.7087252675964969,27.719946665419073,1,0.0
lightgbm,alert,expanding,model,1.0,0.0,10.0,88581,3083,754679.0465665,8.519649208820177,-754679.0465665,4898,0.055294024677978344,4119,79564,898,2185,0.7087252675964969,27.719946665419073,1,0.0
lightgbm,alert,expanding,model,1.0,0.0,25.0,88581,3083,790229.0465665,8.920976807289373,-790229.0465665,4898,0.055294024677978344,4119,79564,898,2185,0.7087252675964969,27.719946665419073,1,0.0
lightgbm,alert,expanding,model,1.0,100.0,5.0,88581,3083,742929.0465665,8.387002252926699,-742929.0465665,4898,0.055294024677978344,4119,79564,898,2185,0.7087252675964969,27.719946665419073,1,100.0
lightgbm,alert,expanding,model,1.0,100.0,10.0,88581,3083,754779.0465665,8.520778119083099,-754779.0465665,4898,0.055294024677978344,4119,79564,898,2185,0.7087252675964969,27.719946665419073,1,100.0
lightgbm,alert,expanding,model,1.0,100.0,25.0,88581,3083,790329.0465665,8.922105717552297,-790329.0465665,4898,0.055294024677978344,4119,79564,898,2185,0.7087252675964969,27.719946665419073,1,100.0
lightgbm,alert,expanding,model,1.0,500.0,5.0,88581,3083,743329.0465665,8.391517893978392,-743329.0465665,4898,0.055294024677978344,4119,79564,898,2185,0.7087252675964969,27.719946665419073,1,500.0
lightgbm,alert,expanding,model,1.0,500.0,10.0,88581,3083,755179.0465665,8.525293760134792,-755179.0465665,4898,0.055294024677978344,4119,79564,898,2185,0.7087252675964969,27.719946665419073,1,500.0
lightgbm,alert,expanding,model,1.0,500.0,25.0,88581,3083,790729.0465665,8.92662135860399,-790729.0465665,4898,0.055294024677978344,4119,79564,898,2185,0.7087252675964969,27.719946665419073,1,500.0
xgboost,static,initial_70pct,model,0.6,0.0,5.0,88581,3083,977729.187591,11.037685142310428,-977729.187591,4898,0.055294024677978344,4088,79595,1090,1993,0.6464482646772624,29.275538609090273,0,0.0
xgboost,static,initial_70pct,model,0.6,0.0,10.0,88581,3083,990244.1875910001,11.178968261715267,-990244.1875910001,4898,0.055294024677978344,4088,79595,1090,1993,0.6464482646772624,29.275538609090273,0,0.0
xgboost,static,initial_70pct,model,0.6,0.0,25.0,88581,3083,1027789.1875910001,11.602817619929784,-1027789.1875910001,4898,0.055294024677978344,4088,79595,1090,1993,0.6464482646772624,29.275538609090273,0,0.0
xgboost,static,initial_70pct,model,0.6,100.0,5.0,88581,3083,977729.187591,11.037685142310428,-977729.187591,4898,0.055294024677978344,4088,79595,1090,1993,0.6464482646772624,29.275538609090273,0,0.0
xgboost,static,initial_70pct,model,0.6,100.0,10.0,88581,3083,990244.1875910001,11.178968261715267,-990244.1875910001,4898,0.055294024677978344,4088,79595,1090,1993,0.6464482646772624,29.275538609090273,0,0.0
xgboost,static,initial_70pct,model,0.6,100.0,25.0,88581,3083,1027789.1875910001,11.602817619929784,-1027789.1875910001,4898,0.055294024677978344,4088,79595,1090,1993,0.6464482646772624,29.275538609090273,0,0.0
xgboost,static,initial_70pct,model,0.6,500.0,5.0,88581,3083,977729.187591,11.037685142310428,-977729.187591,4898,0.055294024677978344,4088,79595,1090,1993,0.6464482646772624,29.275538609090273,0,0.0
xgboost,static,initial_70pct,model,0.6,500.0,10.0,88581,3083,990244.1875910001,11.178968261715267,-990244.1875910001,4898,0.055294024677978344,4088,79595,1090,1993,0.6464482646772624,29.275538609090273,0,0.0
xgboost,static,initial_70pct,model,0.6,500.0,25.0,88581,3083,1027789.1875910001,11.602817619929784,-1027789.1875910001,4898,0.055294024677978344,4088,79595,1090,1993,0.6464482646772624,29.275538609090273,0,0.0
xgboost,static,initial_70pct,model,0.8,0.0,5.0,88581,3083,907369.923735,10.24339219172283,-907369.923735,4898,0.055294024677978344,4088,79595,1090,1993,0.6464482646772624,29.275538609090273,0,0.0
xgboost,static,initial_70pct,model,0.8,0.0,10.0,88581,3083,919884.923735,10.384675311127667,-919884.923735,4898,0.055294024677978344,4088,79595,1090,1993,0.6464482646772624,29.275538609090273,0,0.0
xgboost,static,initial_70pct,model,0.8,0.0,25.0,88581,3083,957429.923735,10.808524669342184,-957429.923735,4898,0.055294024677978344,4088,79595,1090,1993,0.6464482646772624,29.275538609090273,0,0.0
xgboost,static,initial_70pct,model,0.8,100.0,5.0,88581,3083,907369.923735,10.24339219172283,-907369.923735,4898,0.055294024677978344,4088,79595,1090,1993,0.6464482646772624,29.275538609090273,0,0.0
xgboost,static,initial_70pct,model,0.8,100.0,10.0,88581,3083,919884.923735,10.384675311127667,-919884.923735,4898,0.055294024677978344,4088,79595,1090,1993,0.6464482646772624,29.275538609090273,0,0.0
xgboost,static,initial_70pct,model,0.8,100.0,25.0,88581,3083,957429.923735,10.808524669342184,-957429.923735,4898,0.055294024677978344,4088,79595,1090,1993,0.6464482646772624,29.275538609090273,0,0.0
xgboost,static,initial_70pct,model,0.8,500.0,5.0,88581,3083,907369.923735,10.24339219172283,-907369.923735,4898,0.055294024677978344,4088,79595,1090,1993,0.6464482646772624,29.275538609090273,0,0.0
xgboost,static,initial_70pct,model,0.8,500.0,10.0,88581,3083,919884.923735,10.384675311127667,-919884.923735,4898,0.055294024677978344,4088,79595,1090,1993,0.6464482646772624,29.275538609090273,0,0.0
xgboost,static,initial_70pct,model,0.8,500.0,25.0,88581,3083,957429.923735,10.808524669342184,-957429.923735,4898,0.055294024677978344,4088,79595,1090,1993,0.6464482646772624,29.275538609090273,0,0.0
xgboost,static,initial_70pct,model,1.0,0.0,5.0,88581,3083,837010.6598790002,9.449099241135235,-837010.6598790002,4898,0.055294024677978344,4088,79595,1090,1993,0.6464482646772624,29.275538609090273,0,0.0
xgboost,static,initial_70pct,model,1.0,0.0,10.0,88581,3083,849525.6598790002,9.590382360540072,-849525.6598790002,4898,0.055294024677978344,4088,79595,1090,1993,0.6464482646772624,29.275538609090273,0,0.0
xgboost,static,initial_70pct,model,1.0,0.0,25.0,88581,3083,887070.6598790002,10.014231718754589,-887070.6598790002,4898,0.055294024677978344,4088,79595,1090,1993,0.6464482646772624,29.275538609090273,0,0.0
xgboost,static,initial_70pct,model,1.0,100.0,5.0,88581,3083,837010.6598790002,9.449099241135235,-837010.6598790002,4898,0.055294024677978344,4088,79595,1090,1993,0.6464482646772624,29.275538609090273,0,0.0
xgboost,static,initial_70pct,model,1.0,100.0,10.0,88581,3083,849525.6598790002,9.590382360540072,-849525.6598790002,4898,0.055294024677978344,4088,79595,1090,1993,0.6464482646772624,29.275538609090273,0,0.0
xgboost,static,initial_70pct,model,1.0,100.0,25.0,88581,3083,887070.6598790002,10.014231718754589,-887070.6598790002,4898,0.055294024677978344,4088,79595,1090,1993,0.6464482646772624,29.275538609090273,0,0.0
xgboost,static,initial_70pct,model,1.0,500.0,5.0,88581,3083,837010.6598790002,9.449099241135235,-837010.6598790002,4898,0.055294024677978344,4088,79595,1090,1993,0.6464482646772624,29.275538609090273,0,0.0
xgboost,static,initial_70pct,model,1.0,500.0,10.0,88581,3083,849525.6598790002,9.590382360540072,-849525.6598790002,4898,0.055294024677978344,4088,79595,1090,1993,0.6464482646772624,29.275538609090273,0,0.0
xgboost,static,initial_70pct,model,1.0,500.0,25.0,88581,3083,887070.6598790002,10.014231718754589,-887070.6598790002,4898,0.055294024677978344,4088,79595,1090,1993,0.6464482646772624,29.275538609090273,0,0.0
xgboost,periodic,14,model,0.6,0.0,5.0,88581,3083,1022821.59261,11.546737930368815,-1022821.59261,4898,0.055294024677978344,4130,79553,952,2131,0.6912098605254622,27.450934524784206,5,0.0
xgboost,periodic,14,model,0.6,0.0,10.0,88581,3083,1034556.59261,11.679215549722853,-1034556.59261,4898,0.055294024677978344,4130,79553,952,2131,0.6912098605254622,27.450934524784206,5,0.0
xgboost,periodic,14,model,0.6,0.0,25.0,88581,3083,1069761.59261,12.076648407784964,-1069761.59261,4898,0.055294024677978344,4130,79553,952,2131,0.6912098605254622,27.450934524784206,5,0.0
xgboost,periodic,14,model,0.6,100.0,5.0,88581,3083,1023321.59261,11.552382481683432,-1023321.59261,4898,0.055294024677978344,4130,79553,952,2131,0.6912098605254622,27.450934524784206,5,500.0
xgboost,periodic,14,model,0.6,100.0,10.0,88581,3083,1035056.59261,11.684860101037469,-1035056.59261,4898,0.055294024677978344,4130,79553,952,2131,0.6912098605254622,27.450934524784206,5,500.0
xgboost,periodic,14,model,0.6,100.0,25.0,88581,3083,1070261.59261,12.082292959099581,-1070261.59261,4898,0.055294024677978344,4130,79553,952,2131,0.6912098605254622,27.450934524784206,5,500.0
xgboost,periodic,14,model,0.6,500.0,5.0,88581,3083,1025321.59261,11.574960686941896,-1025321.59261,4898,0.055294024677978344,4130,79553,952,2131,0.6912098605254622,27.450934524784206,5,2500.0
xgboost,periodic,14,model,0.6,500.0,10.0,88581,3083,1037056.59261,11.707438306295932,-1037056.59261,4898,0.055294024677978344,4130,79553,952,2131,0.6912098605254622,27.450934524784206,5,2500.0
xgboost,periodic,14,model,0.6,500.0,25.0,88581,3083,1072261.59261,12.104871164358045,-1072261.59261,4898,0.055294024677978344,4130,79553,952,2131,0.6912098605254622,27.450934524784206,5,2500.0
xgboost,periodic,14,model,0.8,0.0,5.0,88581,3083,950346.464556,10.728558771700477,-950346.464556,4898,0.055294024677978344,4130,79553,952,2131,0.6912098605254622,27.450934524784206,5,0.0
xgboost,periodic,14,model,0.8,0.0,10.0,88581,3083,962081.464556,10.861036391054515,-962081.464556,4898,0.055294024677978344,4130,79553,952,2131,0.6912098605254622,27.450934524784206,5,0.0
xgboost,periodic,14,model,0.8,0.0,25.0,88581,3083,997286.464556,11.258469249116628,-997286.464556,4898,0.055294024677978344,4130,79553,952,2131,0.6912098605254622,27.450934524784206,5,0.0
xgboost,periodic,14,model,0.8,100.0,5.0,88581,3083,950846.464556,10.734203323015093,-950846.464556,4898,0.055294024677978344,4130,79553,952,2131,0.6912098605254622,27.450934524784206,5,500.0
xgboost,periodic,14,model,0.8,100.0,10.0,88581,3083,962581.464556,10.86668094236913,-962581.464556,4898,0.055294024677978344,4130,79553,952,2131,0.6912098605254622,27.450934524784206,5,500.0
xgboost,periodic,14,model,0.8,100.0,25.0,88581,3083,997786.464556,11.264113800431243,-997786.464556,4898,0.055294024677978344,4130,79553,952,2131,0.6912098605254622,27.450934524784206,5,500.0
xgboost,periodic,14,model,0.8,500.0,5.0,88581,3083,952846.464556,10.756781528273557,-952846.464556,4898,0.055294024677978344,4130,79553,952,2131,0.6912098605254622,27.450934524784206,5,2500.0
xgboost,periodic,14,model,0.8,500.0,10.0,88581,3083,964581.464556,10.889259147627595,-964581.464556,4898,0.055294024677978344,4130,79553,952,2131,0.6912098605254622,27.450934524784206,5,2500.0
xgboost,periodic,14,model,0.8,500.0,25.0,88581,3083,999786.464556,11.286692005689707,-999786.464556,4898,0.055294024677978344,4130,79553,952,2131,0.6912098605254622,27.450934524784206,5,2500.0
xgboost,periodic,14,model,1.0,0.0,5.0,88581,3083,877871.3365020001,9.910379613032141,-877871.3365020001,4898,0.055294024677978344,4130,79553,952,2131,0.6912098605254622,27.450934524784206,5,0.0
xgboost,periodic,14,model,1.0,0.0,10.0,88581,3083,889606.3365020001,10.04285723238618,-889606.3365020001,4898,0.055294024677978344,4130,79553,952,2131,0.6912098605254622,27.450934524784206,5,0.0
xgboost,periodic,14,model,1.0,0.0,25.0,88581,3083,924811.3365020001,10.440290090448292,-924811.3365020001,4898,0.055294024677978344,4130,79553,952,2131,0.6912098605254622,27.450934524784206,5,0.0
xgboost,periodic,14,model,1.0,100.0,5.0,88581,3083,878371.3365020001,9.916024164346757,-878371.3365020001,4898,0.055294024677978344,4130,79553,952,2131,0.6912098605254622,27.450934524784206,5,500.0
xgboost,periodic,14,model,1.0,100.0,10.0,88581,3083,890106.3365020001,10.048501783700795,-890106.3365020001,4898,0.055294024677978344,4130,79553,952,2131,0.6912098605254622,27.450934524784206,5,500.0
xgboost,periodic,14,model,1.0,100.0,25.0,88581,3083,925311.3365020001,10.445934641762907,-925311.3365020001,4898,0.055294024677978344,4130,79553,952,2131,0.6912098605254622,27.450934524784206,5,500.0
xgboost,periodic,14,model,1.0,500.0,5.0,88581,3083,880371.3365020001,9.93860236960522,-880371.3365020001,4898,0.055294024677978344,4130,79553,952,2131,0.6912098605254622,27.450934524784206,5,2500.0
xgboost,periodic,14,model,1.0,500.0,10.0,88581,3083,892106.3365020001,10.071079988959259,-892106.3365020001,4898,0.055294024677978344,4130,79553,952,2131,0.6912098605254622,27.450934524784206,5,2500.0
xgboost,periodic,14,model,1.0,500.0,25.0,88581,3083,927311.3365020001,10.46851284702137,-927311.3365020001,4898,0.055294024677978344,4130,79553,952,2131,0.6912098605254622,27.450934524784206,5,2500.0
xgboost,alert,14,model,0.6,0.0,5.0,88581,3083,1093154.8824465,12.340737657584583,-1093154.8824465,4898,0.055294024677978344,4004,79679,1009,2074,0.6727213752838145,26.784252263210835,2,0.0
xgboost,alert,14,model,0.6,0.0,10.0,88581,3083,1104604.8824465,12.46999788268929,-1104604.8824465,4898,0.055294024677978344,4004,79679,1009,2074,0.6727213752838145,26.784252263210835,2,0.0
xgboost,alert,14,model,0.6,0.0,25.0,88581,3083,1138954.8824465,12.857778558003409,-1138954.8824465,4898,0.055294024677978344,4004,79679,1009,2074,0.6727213752838145,26.784252263210835,2,0.0
xgboost,alert,14,model,0.6,100.0,5.0,88581,3083,1093354.8824465,12.34299547811043,-1093354.8824465,4898,0.055294024677978344,4004,79679,1009,2074,0.6727213752838145,26.784252263210835,2,200.0
xgboost,alert,14,model,0.6,100.0,10.0,88581,3083,1104804.8824465,12.472255703215136,-1104804.8824465,4898,0.055294024677978344,4004,79679,1009,2074,0.6727213752838145,26.784252263210835,2,200.0
xgboost,alert,14,model,0.6,100.0,25.0,88581,3083,1139154.8824465,12.860036378529255,-1139154.8824465,4898,0.055294024677978344,4004,79679,1009,2074,0.6727213752838145,26.784252263210835,2,200.0
xgboost,alert,14,model,0.6,500.0,5.0,88581,3083,1094154.8824465,12.352026760213816,-1094154.8824465,4898,0.055294024677978344,4004,79679,1009,2074,0.6727213752838145,26.784252263210835,2,1000.0
xgboost,alert,14,model,0.6,500.0,10.0,88581,3083,1105604.8824465,12.481286985318523,-1105604.8824465,4898,0.055294024677978344,4004,79679,1009,2074,0.6727213752838145,26.784252263210835,2,1000.0
xgboost,alert,14,model,0.6,500.0,25.0,88581,3083,1139954.8824465,12.869067660632641,-1139954.8824465,4898,0.055294024677978344,4004,79679,1009,2074,0.6727213752838145,26.784252263210835,2,1000.0
xgboost,alert,14,model,0.8,0.0,5.0,88581,3083,1025027.9297205,11.571645496443933,-1025027.9297205,4898,0.055294024677978344,4004,79679,1009,2074,0.6727213752838145,26.784252263210835,2,0.0
xgboost,alert,14,model,0.8,0.0,10.0,88581,3083,1036477.9297205,11.70090572154864,-1036477.9297205,4898,0.055294024677978344,4004,79679,1009,2074,0.6727213752838145,26.784252263210835,2,0.0
xgboost,alert,14,model,0.8,0.0,25.0,88581,3083,1070827.9297205,12.088686396862759,-1070827.9297205,4898,0.055294024677978344,4004,79679,1009,2074,0.6727213752838145,26.784252263210835,2,0.0
xgboost,alert,14,model,0.8,100.0,5.0,88581,3083,1025227.9297205,11.57390331696978,-1025227.9297205,4898,0.055294024677978344,4004,79679,1009,2074,0.6727213752838145,26.784252263210835,2,200.0
xgboost,alert,14,model,0.8,100.0,10.0,88581,3083,1036677.9297205,11.703163542074485,-1036677.9297205,4898,0.055294024677978344,4004,79679,1009,2074,0.6727213752838145,26.784252263210835,2,200.0
xgboost,alert,14,model,0.8,100.0,25.0,88581,3083,1071027.9297205,12.090944217388605,-1071027.9297205,4898,0.055294024677978344,4004,79679,1009,2074,0.6727213752838145,26.784252263210835,2,200.0
xgboost,alert,14,model,0.8,500.0,5.0,88581,3083,1026027.9297205,11.582934599073164,-1026027.9297205,4898,0.055294024677978344,4004,79679,1009,2074,0.6727213752838145,26.784252263210835,2,1000.0
xgboost,alert,14,model,0.8,500.0,10.0,88581,3083,1037477.9297205,11.712194824177871,-1037477.9297205,4898,0.055294024677978344,4004,79679,1009,2074,0.6727213752838145,26.784252263210835,2,1000.0
xgboost,alert,14,model,0.8,500.0,25.0,88581,3083,1071827.9297205,12.099975499491991,-1071827.9297205,4898,0.055294024677978344,4004,79679,1009,2074,0.6727213752838145,26.784252263210835,2,1000.0
xgboost,alert,14,model,1.0,0.0,5.0,88581,3083,956900.9769945003,10.802553335303285,-956900.9769945003,4898,0.055294024677978344,4004,79679,1009,2074,0.6727213752838145,26.784252263210835,2,0.0
xgboost,alert,14,model,1.0,0.0,10.0,88581,3083,968350.9769945003,10.931813560407992,-968350.9769945003,4898,0.055294024677978344,4004,79679,1009,2074,0.6727213752838145,26.784252263210835,2,0.0
xgboost,alert,14,model,1.0,0.0,25.0,88581,3083,1002700.9769945003,11.31959423572211,-1002700.9769945003,4898,0.055294024677978344,4004,79679,1009,2074,0.6727213752838145,26.784252263210835,2,0.0
xgboost,alert,14,model,1.0,100.0,5.0,88581,3083,957100.9769945003,10.804811155829132,-957100.9769945003,4898,0.055294024677978344,4004,79679,1009,2074,0.6727213752838145,26.784252263210835,2,200.0
xgboost,alert,14,model,1.0,100.0,10.0,88581,3083,968550.9769945003,10.934071380933837,-968550.9769945003,4898,0.055294024677978344,4004,79679,1009,2074,0.6727213752838145,26.784252263210835,2,200.0
xgboost,alert,14,model,1.0,100.0,25.0,88581,3083,1002900.9769945003,11.321852056247957,-1002900.9769945003,4898,0.055294024677978344,4004,79679,1009,2074,0.6727213752838145,26.784252263210835,2,200.0
xgboost,alert,14,model,1.0,500.0,5.0,88581,3083,957900.9769945003,10.813842437932516,-957900.9769945003,4898,0.055294024677978344,4004,79679,1009,2074,0.6727213752838145,26.784252263210835,2,1000.0
xgboost,alert,14,model,1.0,500.0,10.0,88581,3083,969350.9769945003,10.943102663037223,-969350.9769945003,4898,0.055294024677978344,4004,79679,1009,2074,0.6727213752838145,26.784252263210835,2,1000.0
xgboost,alert,14,model,1.0,500.0,25.0,88581,3083,1003700.9769945003,11.330883338351342,-1003700.9769945003,4898,0.055294024677978344,4004,79679,1009,2074,0.6727213752838145,26.784252263210835,2,1000.0
xgboost,periodic,30,model,0.6,0.0,5.0,88581,3083,921634.242009,10.404423544654046,-921634.242009,4898,0.055294024677978344,4175,79508,880,2203,0.7145637366201751,27.4158459847014,5,0.0
xgboost,periodic,30,model,0.6,0.0,10.0,88581,3083,933354.242009,10.536731827468644,-933354.242009,4898,0.055294024677978344,4175,79508,880,2203,0.7145637366201751,27.4158459847014,5,0.0
xgboost,periodic,30,model,0.6,0.0,25.0,88581,3083,968514.242009,10.933656675912442,-968514.242009,4898,0.055294024677978344,4175,79508,880,2203,0.7145637366201751,27.4158459847014,5,0.0
xgboost,periodic,30,model,0.6,100.0,5.0,88581,3083,922134.242009,10.410068095968661,-922134.242009,4898,0.055294024677978344,4175,79508,880,2203,0.7145637366201751,27.4158459847014,5,500.0
xgboost,periodic,30,model,0.6,100.0,10.0,88581,3083,933854.242009,10.542376378783262,-933854.242009,4898,0.055294024677978344,4175,79508,880,2203,0.7145637366201751,27.4158459847014,5,500.0
xgboost,periodic,30,model,0.6,100.0,25.0,88581,3083,969014.242009,10.939301227227059,-969014.242009,4898,0.055294024677978344,4175,79508,880,2203,0.7145637366201751,27.4158459847014,5,500.0
xgboost,periodic,30,model,0.6,500.0,5.0,88581,3083,924134.242009,10.432646301227125,-924134.242009,4898,0.055294024677978344,4175,79508,880,2203,0.7145637366201751,27.4158459847014,5,2500.0
xgboost,periodic,30,model,0.6,500.0,10.0,88581,3083,935854.242009,10.564954584041725,-935854.242009,4898,0.055294024677978344,4175,79508,880,2203,0.7145637366201751,27.4158459847014,5,2500.0
xgboost,periodic,30,model,0.6,500.0,25.0,88581,3083,971014.242009,10.961879432485523,-971014.242009,4898,0.055294024677978344,4175,79508,880,2203,0.7145637366201751,27.4158459847014,5,2500.0
xgboost,periodic,30,model,0.8,0.0,5.0,88581,3083,838694.450319,9.468107724218513,-838694.450319,4898,0.055294024677978344,4175,79508,880,2203,0.7145637366201751,27.4158459847014,5,0.0
xgboost,periodic,30,model,0.8,0.0,10.0,88581,3083,850414.450319,9.600416007033111,-850414.450319,4898,0.055294024677978344,4175,79508,880,2203,0.7145637366201751,27.4158459847014,5,0.0
xgboost,periodic,30,model,0.8,0.0,25.0,88581,3083,885574.450319,9.997340855476908,-885574.450319,4898,0.055294024677978344,4175,79508,880,2203,0.7145637366201751,27.4158459847014,5,0.0
xgboost,periodic,30,model,0.8,100.0,5.0,88581,3083,839194.450319,9.473752275533128,-839194.450319,4898,0.055294024677978344,4175,79508,880,2203,0.7145637366201751,27.4158459847014,5,500.0
xgboost,periodic,30,model,0.8,100.0,10.0,88581,3083,850914.450319,9.606060558347728,-850914.450319,4898,0.055294024677978344,4175,79508,880,2203,0.7145637366201751,27.4158459847014,5,500.0
xgboost,periodic,30,model,0.8,100.0,25.0,88581,3083,886074.450319,10.002985406791526,-886074.450319,4898,0.055294024677978344,4175,79508,880,2203,0.7145637366201751,27.4158459847014,5,500.0
xgboost,periodic,30,model,0.8,500.0,5.0,88581,3083,841194.450319,9.496330480791592,-841194.450319,4898,0.055294024677978344,4175,79508,880,2203,0.7145637366201751,27.4158459847014,5,2500.0
xgboost,periodic,30,model,0.8,500.0,10.0,88581,3083,852914.450319,9.628638763606192,-852914.450319,4898,0.055294024677978344,4175,79508,880,2203,0.7145637366201751,27.4158459847014,5,2500.0
xgboost,periodic,30,model,0.8,500.0,25.0,88581,3083,888074.450319,10.02556361204999,-888074.450319,4898,0.055294024677978344,4175,79508,880,2203,0.7145637366201751,27.4158459847014,5,2500.0
xgboost,periodic,30,model,1.0,0.0,5.0,88581,3083,755754.6586290001,8.53179190378298,-755754.6586290001,4898,0.055294024677978344,4175,79508,880,2203,0.7145637366201751,27.4158459847014,5,0.0
xgboost,periodic,30,model,1.0,0.0,10.0,88581,3083,767474.6586290001,8.664100186597578,-767474.6586290001,4898,0.055294024677978344,4175,79508,880,2203,0.7145637366201751,27.4158459847014,5,0.0
xgboost,periodic,30,model,1.0,0.0,25.0,88581,3083,802634.6586290001,9.061025035041375,-802634.6586290001,4898,0.055294024677978344,4175,79508,880,2203,0.7145637366201751,27.4158459847014,5,0.0
xgboost,periodic,30,model,1.0,100.0,5.0,88581,3083,756254.6586290001,8.537436455097595,-756254.6586290001,4898,0.055294024677978344,4175,79508,880,2203,0.7145637366201751,27.4158459847014,5,500.0
xgboost,periodic,30,model,1.0,100.0,10.0,88581,3083,767974.6586290001,8.669744737912195,-767974.6586290001,4898,0.055294024677978344,4175,79508,880,2203,0.7145637366201751,27.4158459847014,5,500.0
xgboost,periodic,30,model,1.0,100.0,25.0,88581,3083,803134.6586290001,9.06666958635599,-803134.6586290001,4898,0.055294024677978344,4175,79508,880,2203,0.7145637366201751,27.4158459847014,5,500.0
xgboost,periodic,30,model,1.0,500.0,5.0,88581,3083,758254.6586290001,8.560014660356059,-758254.6586290001,4898,0.055294024677978344,4175,79508,880,2203,0.7145637366201751,27.4158459847014,5,2500.0
xgboost,periodic,30,model,1.0,500.0,10.0,88581,3083,769974.6586290001,8.692322943170659,-769974.6586290001,4898,0.055294024677978344,4175,79508,880,2203,0.7145637366201751,27.4158459847014,5,2500.0
xgboost,periodic,30,model,1.0,500.0,25.0,88581,3083,805134.6586290001,9.089247791614456,-805134.6586290001,4898,0.055294024677978344,4175,79508,880,2203,0.7145637366201751,27.4158459847014,5,2500.0
xgboost,alert,30,model,0.6,0.0,5.0,88581,3083,1022683.257093,11.545176246520134,-1022683.257093,4883,0.055124688138539865,4855,78843,963,2120,0.6876419072332144,36.67922056656296,2,0.0
xgboost,alert,30,model,0.6,0.0,10.0,88581,3083,1038363.257093,11.722189375746492,-1038363.257093,4883,0.055124688138539865,4855,78843,963,2120,0.6876419072332144,36.67922056656296,2,0.0
xgboost,alert,30,model,0.6,0.0,25.0,88581,3083,1085403.257093,12.253228763425565,-1085403.257093,4883,0.055124688138539865,4855,78843,963,2120,0.6876419072332144,36.67922056656296,2,0.0
xgboost,alert,30,model,0.6,100.0,5.0,88581,3083,1022883.257093,11.54743406704598,-1022883.257093,4883,0.055124688138539865,4855,78843,963,2120,0.6876419072332144,36.67922056656296,2,200.0
xgboost,alert,30,model,0.6,100.0,10.0,88581,3083,1038563.257093,11.724447196272338,-1038563.257093,4883,0.055124688138539865,4855,78843,963,2120,0.6876419072332144,36.67922056656296,2,200.0
xgboost,alert,30,model,0.6,100.0,25.0,88581,3083,1085603.257093,12.255486583951411,-1085603.257093,4883,0.055124688138539865,4855,78843,963,2120,0.6876419072332144,36.67922056656296,2,200.0
xgboost,alert,30,model,0.6,500.0,5.0,88581,3083,1023683.257093,11.556465349149367,-1023683.257093,4883,0.055124688138539865,4855,78843,963,2120,0.6876419072332144,36.67922056656296,2,1000.0
xgboost,alert,30,model,0.6,500.0,10.0,88581,3083,1039363.257093,11.733478478375725,-1039363.257093,4883,0.055124688138539865,4855,78843,963,2120,0.6876419072332144,36.67922056656296,2,1000.0
xgboost,alert,30,model,0.6,500.0,25.0,88581,3083,1086403.257093,12.264517866054797,-1086403.257093,4883,0.055124688138539865,4855,78843,963,2120,0.6876419072332144,36.67922056656296,2,1000.0
xgboost,alert,30,model,0.8,0.0,5.0,88581,3083,957243.957699,10.806425279676228,-957243.957699,4883,0.055124688138539865,4855,78843,963,2120,0.6876419072332144,36.67922056656296,2,0.0
xgboost,alert,30,model,0.8,0.0,10.0,88581,3083,972923.957699,10.983438408902586,-972923.957699,4883,0.055124688138539865,4855,78843,963,2120,0.6876419072332144,36.67922056656296,2,0.0
xgboost,alert,30,model,0.8,0.0,25.0,88581,3083,1019963.957699,11.51447779658166,-1019963.957699,4883,0.055124688138539865,4855,78843,963,2120,0.6876419072332144,36.67922056656296,2,0.0
xgboost,alert,30,model,0.8,100.0,5.0,88581,3083,957443.957699,10.808683100202074,-957443.957699,4883,0.055124688138539865,4855,78843,963,2120,0.6876419072332144,36.67922056656296,2,200.0
xgboost,alert,30,model,0.8,100.0,10.0,88581,3083,973123.957699,10.985696229428433,-973123.957699,4883,0.055124688138539865,4855,78843,963,2120,0.6876419072332144,36.67922056656296,2,200.0
xgboost,alert,30,model,0.8,100.0,25.0,88581,3083,1020163.957699,11.516735617107507,-1020163.957699,4883,0.055124688138539865,4855,78843,963,2120,0.6876419072332144,36.67922056656296,2,200.0
xgboost,alert,30,model,0.8,500.0,5.0,88581,3083,958243.957699,10.81771438230546,-958243.957699,4883,0.055124688138539865,4855,78843,963,2120,0.6876419072332144,36.67922056656296,2,1000.0
xgboost,alert,30,model,0.8,500.0,10.0,88581,3083,973923.957699,10.994727511531819,-973923.957699,4883,0.055124688138539865,4855,78843,963,2120,0.6876419072332144,36.67922056656296,2,1000.0
xgboost,alert,30,model,0.8,500.0,25.0,88581,3083,1020963.957699,11.525766899210891,-1020963.957699,4883,0.055124688138539865,4855,78843,963,2120,0.6876419072332144,36.67922056656296,2,1000.0
xgboost,alert,30,model,1.0,0.0,5.0,88581,3083,891804.6583049999,10.067674312832322,-891804.6583049999,4883,0.055124688138539865,4855,78843,963,2120,0.6876419072332144,36.67922056656296,2,0.0
xgboost,alert,30,model,1.0,0.0,10.0,88581,3083,907484.6583049999,10.24468744205868,-907484.6583049999,4883,0.055124688138539865,4855,78843,963,2120,0.6876419072332144,36.67922056656296,2,0.0
xgboost,alert,30,model,1.0,0.0,25.0,88581,3083,954524.6583049999,10.775726829737753,-954524.6583049999,4883,0.055124688138539865,4855,78843,963,2120,0.6876419072332144,36.67922056656296,2,0.0
xgboost,alert,30,model,1.0,100.0,5.0,88581,3083,892004.6583049999,10.069932133358169,-892004.6583049999,4883,0.055124688138539865,4855,78843,963,2120,0.6876419072332144,36.67922056656296,2,200.0
xgboost,alert,30,model,1.0,100.0,10.0,88581,3083,907684.6583049999,10.246945262584527,-907684.6583049999,4883,0.055124688138539865,4855,78843,963,2120,0.6876419072332144,36.67922056656296,2,200.0
xgboost,alert,30,model,1.0,100.0,25.0,88581,3083,954724.6583049999,10.7779846502636,-954724.6583049999,4883,0.055124688138539865,4855,78843,963,2120,0.6876419072332144,36.67922056656296,2,200.0
xgboost,alert,30,model,1.0,500.0,5.0,88581,3083,892804.6583049999,10.078963415461555,-892804.6583049999,4883,0.055124688138539865,4855,78843,963,2120,0.6876419072332144,36.67922056656296,2,1000.0
xgboost,alert,30,model,1.0,500.0,10.0,88581,3083,908484.6583049999,10.255976544687911,-908484.6583049999,4883,0.055124688138539865,4855,78843,963,2120,0.6876419072332144,36.67922056656296,2,1000.0
xgboost,alert,30,model,1.0,500.0,25.0,88581,3083,955524.6583049999,10.787015932366986,-955524.6583049999,4883,0.055124688138539865,4855,78843,963,2120,0.6876419072332144,36.67922056656296,2,1000.0
xgboost,periodic,45,model,0.6,0.0,5.0,88581,3083,910986.6441105,10.284221719223083,-910986.6441105,4892,0.055226290062202955,3933,79756,882,2201,0.7139150178397664,25.24035649956724,5,0.0
xgboost,periodic,45,model,0.6,0.0,10.0,88581,3083,921776.6441105,10.406031136592498,-921776.6441105,4892,0.055226290062202955,3933,79756,882,2201,0.7139150178397664,25.24035649956724,5,0.0
xgboost,periodic,45,model,0.6,0.0,25.0,88581,3083,954146.6441105001,10.77145938870074,-954146.6441105001,4892,0.055226290062202955,3933,79756,882,2201,0.7139150178397664,25.24035649956724,5,0.0
xgboost,periodic,45,model,0.6,100.0,5.0,88581,3083,911486.6441105,10.2898662705377,-911486.6441105,4892,0.055226290062202955,3933,79756,882,2201,0.7139150178397664,25.24035649956724,5,500.0
xgboost,periodic,45,model,0.6,100.0,10.0,88581,3083,922276.6441105,10.411675687907113,-922276.6441105,4892,0.055226290062202955,3933,79756,882,2201,0.7139150178397664,25.24035649956724,5,500.0
xgboost,periodic,45,model,0.6,100.0,25.0,88581,3083,954646.6441105001,10.777103940015355,-954646.6441105001,4892,0.055226290062202955,3933,79756,882,2201,0.7139150178397664,25.24035649956724,5,500.0
xgboost,periodic,45,model,0.6,500.0,5.0,88581,3083,913486.6441105,10.312444475796164,-913486.6441105,4892,0.055226290062202955,3933,79756,882,2201,0.7139150178397664,25.24035649956724,5,2500.0
xgboost,periodic,45,model,0.6,500.0,10.0,88581,3083,924276.6441105,10.434253893165577,-924276.6441105,4892,0.055226290062202955,3933,79756,882,2201,0.7139150178397664,25.24035649956724,5,2500.0
xgboost,periodic,45,model,0.6,500.0,25.0,88581,3083,956646.6441105001,10.799682145273819,-956646.6441105001,4892,0.055226290062202955,3933,79756,882,2201,0.7139150178397664,25.24035649956724,5,2500.0
xgboost,periodic,45,model,0.8,0.0,5.0,88581,3083,826271.1059445001,9.32785931457649,-826271.1059445001,4892,0.055226290062202955,3933,79756,882,2201,0.7139150178397664,25.24035649956724,5,0.0
xgboost,periodic,45,model,0.8,0.0,10.0,88581,3083,837061.1059445001,9.449668731945904,-837061.1059445001,4892,0.055226290062202955,3933,79756,882,2201,0.7139150178397664,25.24035649956724,5,0.0
xgboost,periodic,45,model,0.8,0.0,25.0,88581,3083,869431.1059445001,9.815096984054144,-869431.1059445001,4892,0.055226290062202955,3933,79756,882,2201,0.7139150178397664,25.24035649956724,5,0.0
xgboost,periodic,45,model,0.8,100.0,5.0,88581,3083,826771.1059445001,9.333503865891107,-826771.1059445001,4892,0.055226290062202955,3933,79756,882,2201,0.7139150178397664,25.24035649956724,5,500.0
xgboost,periodic,45,model,0.8,100.0,10.0,88581,3083,837561.1059445001,9.45531328326052,-837561.1059445001,4892,0.055226290062202955,3933,79756,882,2201,0.7139150178397664,25.24035649956724,5,500.0
xgboost,periodic,45,model,0.8,100.0,25.0,88581,3083,869931.1059445001,9.820741535368759,-869931.1059445001,4892,0.055226290062202955,3933,79756,882,2201,0.7139150178397664,25.24035649956724,5,500.0
xgboost,periodic,45,model,0.8,500.0,5.0,88581,3083,828771.1059445001,9.35608207114957,-828771.1059445001,4892,0.055226290062202955,3933,79756,882,2201,0.7139150178397664,25.24035649956724,5,2500.0
xgboost,periodic,45,model,0.8,500.0,10.0,88581,3083,839561.1059445001,9.477891488518983,-839561.1059445001,4892,0.055226290062202955,3933,79756,882,2201,0.7139150178397664,25.24035649956724,5,2500.0
xgboost,periodic,45,model,0.8,500.0,25.0,88581,3083,871931.1059445001,9.843319740627223,-871931.1059445001,4892,0.055226290062202955,3933,79756,882,2201,0.7139150178397664,25.24035649956724,5,2500.0
xgboost,periodic,45,model,1.0,0.0,5.0,88581,3083,741555.5677785,8.371496909929895,-741555.5677785,4892,0.055226290062202955,3933,79756,882,2201,0.7139150178397664,25.24035649956724,5,0.0
xgboost,periodic,45,model,1.0,0.0,10.0,88581,3083,752345.5677785,8.493306327299308,-752345.5677785,4892,0.055226290062202955,3933,79756,882,2201,0.7139150178397664,25.24035649956724,5,0.0
xgboost,periodic,45,model,1.0,0.0,25.0,88581,3083,784715.5677785,8.858734579407548,-784715.5677785,4892,0.055226290062202955,3933,79756,882,2201,0.7139150178397664,25.24035649956724,5,0.0
xgboost,periodic,45,model,1.0,100.0,5.0,88581,3083,742055.5677785,8.377141461244511,-742055.5677785,4892,0.055226290062202955,3933,79756,882,2201,0.7139150178397664,25.24035649956724,5,500.0
xgboost,periodic,45,model,1.0,100.0,10.0,88581,3083,752845.5677785,8.498950878613924,-752845.5677785,4892,0.055226290062202955,3933,79756,882,2201,0.7139150178397664,25.24035649956724,5,500.0
xgboost,periodic,45,model,1.0,100.0,25.0,88581,3083,785215.5677785,8.864379130722165,-785215.5677785,4892,0.055226290062202955,3933,79756,882,2201,0.7139150178397664,25.24035649956724,5,500.0
xgboost,periodic,45,model,1.0,500.0,5.0,88581,3083,744055.5677785,8.399719666502975,-744055.5677785,4892,0.055226290062202955,3933,79756,882,2201,0.7139150178397664,25.24035649956724,5,2500.0
xgboost,periodic,45,model,1.0,500.0,10.0,88581,3083,754845.5677785,8.52152908387239,-754845.5677785,4892,0.055226290062202955,3933,79756,882,2201,0.7139150178397664,25.24035649956724,5,2500.0
xgboost,periodic,45,model,1.0,500.0,25.0,88581,3083,787215.5677785,8.886957335980629,-787215.5677785,4892,0.055226290062202955,3933,79756,882,2201,0.7139150178397664,25.24035649956724,5,2500.0
xgboost,alert,45,model,0.6,0.0,5.0,88581,3083,1024205.2320259999,11.56235797773789,-1024205.2320259999,4862,0.054887616983326,3419,80300,957,2126,0.6895880635744405,20.901073709326536,2,0.0
xgboost,alert,45,model,0.6,0.0,10.0,88581,3083,1033140.2320259999,11.663226109730077,-1033140.2320259999,4862,0.054887616983326,3419,80300,957,2126,0.6895880635744405,20.901073709326536,2,0.0
xgboost,alert,45,model,0.6,0.0,25.0,88581,3083,1059945.232026,11.965830505706641,-1059945.232026,4862,0.054887616983326,3419,80300,957,2126,0.6895880635744405,20.901073709326536,2,0.0
xgboost,alert,45,model,0.6,100.0,5.0,88581,3083,1024405.2320259999,11.564615798263736,-1024405.2320259999,4862,0.054887616983326,3419,80300,957,2126,0.6895880635744405,20.901073709326536,2,200.0
xgboost,alert,45,model,0.6,100.0,10.0,88581,3083,1033340.2320259999,11.665483930255924,-1033340.2320259999,4862,0.054887616983326,3419,80300,957,2126,0.6895880635744405,20.901073709326536,2,200.0
xgboost,alert,45,model,0.6,100.0,25.0,88581,3083,1060145.232026,11.968088326232488,-1060145.232026,4862,0.054887616983326,3419,80300,957,2126,0.6895880635744405,20.901073709326536,2,200.0
xgboost,alert,45,model,0.6,500.0,5.0,88581,3083,1025205.2320259999,11.57364708036712,-1025205.2320259999,4862,0.054887616983326,3419,80300,957,2126,0.6895880635744405,20.901073709326536,2,1000.0
xgboost,alert,45,model,0.6,500.0,10.0,88581,3083,1034140.2320259999,11.674515212359308,-1034140.2320259999,4862,0.054887616983326,3419,80300,957,2126,0.6895880635744405,20.901073709326536,2,1000.0
xgboost,alert,45,model,0.6,500.0,25.0,88581,3083,1060945.232026,11.977119608335874,-1060945.232026,4862,0.054887616983326,3419,80300,957,2126,0.6895880635744405,20.901073709326536,2,1000.0
xgboost,alert,45,model,0.8,0.0,5.0,88581,3083,941162.4518419999,10.624879509623959,-941162.4518419999,4862,0.054887616983326,3419,80300,957,2126,0.6895880635744405,20.901073709326536,2,0.0
xgboost,alert,45,model,0.8,0.0,10.0,88581,3083,950097.4518419999,10.725747641616147,-950097.4518419999,4862,0.054887616983326,3419,80300,957,2126,0.6895880635744405,20.901073709326536,2,0.0
xgboost,alert,45,model,0.8,0.0,25.0,88581,3083,976902.4518419999,11.028352037592711,-976902.4518419999,4862,0.054887616983326,3419,80300,957,2126,0.6895880635744405,20.901073709326536,2,0.0
xgboost,alert,45,model,0.8,100.0,5.0,88581,3083,941362.4518419999,10.627137330149806,-941362.4518419999,4862,0.054887616983326,3419,80300,957,2126,0.6895880635744405,20.901073709326536,2,200.0
xgboost,alert,45,model,0.8,100.0,10.0,88581,3083,950297.4518419999,10.728005462141994,-950297.4518419999,4862,0.054887616983326,3419,80300,957,2126,0.6895880635744405,20.901073709326536,2,200.0
xgboost,alert,45,model,0.8,100.0,25.0,88581,3083,977102.4518419999,11.030609858118558,-977102.4518419999,4862,0.054887616983326,3419,80300,957,2126,0.6895880635744405,20.901073709326536,2,200.0
xgboost,alert,45,model,0.8,500.0,5.0,88581,3083,942162.4518419999,10.63616861225319,-942162.4518419999,4862,0.054887616983326,3419,80300,957,2126,0.6895880635744405,20.901073709326536,2,1000.0
xgboost,alert,45,model,0.8,500.0,10.0,88581,3083,951097.4518419999,10.737036744245378,-951097.4518419999,4862,0.054887616983326,3419,80300,957,2126,0.6895880635744405,20.901073709326536,2,1000.0
xgboost,alert,45,model,0.8,500.0,25.0,88581,3083,977902.4518419999,11.039641140221942,-977902.4518419999,4862,0.054887616983326,3419,80300,957,2126,0.6895880635744405,20.901073709326536,2,1000.0
xgboost,alert,45,model,1.0,0.0,5.0,88581,3083,858119.671658,9.68740104151003,-858119.671658,4862,0.054887616983326,3419,80300,957,2126,0.6895880635744405,20.901073709326536,2,0.0
xgboost,alert,45,model,1.0,0.0,10.0,88581,3083,867054.671658,9.788269173502218,-867054.671658,4862,0.054887616983326,3419,80300,957,2126,0.6895880635744405,20.901073709326536,2,0.0
xgboost,alert,45,model,1.0,0.0,25.0,88581,3083,893859.671658,10.090873569478783,-893859.671658,4862,0.054887616983326,3419,80300,957,2126,0.6895880635744405,20.901073709326536,2,0.0
xgboost,alert,45,model,1.0,100.0,5.0,88581,3083,858319.671658,9.689658862035877,-858319.671658,4862,0.054887616983326,3419,80300,957,2126,0.6895880635744405,20.901073709326536,2,200.0
xgboost,alert,45,model,1.0,100.0,10.0,88581,3083,867254.671658,9.790526994028065,-867254.671658,4862,0.054887616983326,3419,80300,957,2126,0.6895880635744405,20.901073709326536,2,200.0
xgboost,alert,45,model,1.0,100.0,25.0,88581,3083,894059.671658,10.093131390004629,-894059.671658,4862,0.054887616983326,3419,80300,957,2126,0.6895880635744405,20.901073709326536,2,200.0
xgboost,alert,45,model,1.0,500.0,5.0,88581,3083,859119.671658,9.698690144139261,-859119.671658,4862,0.054887616983326,3419,80300,957,2126,0.6895880635744405,20.901073709326536,2,1000.0
xgboost,alert,45,model,1.0,500.0,10.0,88581,3083,868054.671658,9.79955827613145,-868054.671658,4862,0.054887616983326,3419,80300,957,2126,0.6895880635744405,20.901073709326536,2,1000.0
xgboost,alert,45,model,1.0,500.0,25.0,88581,3083,894859.671658,10.102162672108014,-894859.671658,4862,0.054887616983326,3419,80300,957,2126,0.6895880635744405,20.901073709326536,2,1000.0
xgboost,periodic,expanding,model,0.6,0.0,5.0,88581,3083,916641.3700715001,10.348058500936997,-916641.3700715001,4898,0.055294024677978344,4130,79553,981,2102,0.6818034382095362,28.44510982713046,5,0.0
xgboost,periodic,expanding,model,0.6,0.0,10.0,88581,3083,928801.3700715001,10.485333988908458,-928801.3700715001,4898,0.055294024677978344,4130,79553,981,2102,0.6818034382095362,28.44510982713046,5,0.0
xgboost,periodic,expanding,model,0.6,0.0,25.0,88581,3083,965281.3700715001,10.89716045282284,-965281.3700715001,4898,0.055294024677978344,4130,79553,981,2102,0.6818034382095362,28.44510982713046,5,0.0
xgboost,periodic,expanding,model,0.6,100.0,5.0,88581,3083,917141.3700715001,10.353703052251612,-917141.3700715001,4898,0.055294024677978344,4130,79553,981,2102,0.6818034382095362,28.44510982713046,5,500.0
xgboost,periodic,expanding,model,0.6,100.0,10.0,88581,3083,929301.3700715001,10.490978540223074,-929301.3700715001,4898,0.055294024677978344,4130,79553,981,2102,0.6818034382095362,28.44510982713046,5,500.0
xgboost,periodic,expanding,model,0.6,100.0,25.0,88581,3083,965781.3700715001,10.902805004137457,-965781.3700715001,4898,0.055294024677978344,4130,79553,981,2102,0.6818034382095362,28.44510982713046,5,500.0
xgboost,periodic,expanding,model,0.6,500.0,5.0,88581,3083,919141.3700715001,10.376281257510076,-919141.3700715001,4898,0.055294024677978344,4130,79553,981,2102,0.6818034382095362,28.44510982713046,5,2500.0
xgboost,periodic,expanding,model,0.6,500.0,10.0,88581,3083,931301.3700715001,10.513556745481537,-931301.3700715001,4898,0.055294024677978344,4130,79553,981,2102,0.6818034382095362,28.44510982713046,5,2500.0
xgboost,periodic,expanding,model,0.6,500.0,25.0,88581,3083,967781.3700715001,10.925383209395921,-967781.3700715001,4898,0.055294024677978344,4130,79553,981,2102,0.6818034382095362,28.44510982713046,5,2500.0
xgboost,periodic,expanding,model,0.8,0.0,5.0,88581,3083,845784.2948314999,9.548145706545421,-845784.2948314999,4898,0.055294024677978344,4130,79553,981,2102,0.6818034382095362,28.44510982713046,5,0.0
xgboost,periodic,expanding,model,0.8,0.0,10.0,88581,3083,857944.2948314999,9.685421194516882,-857944.2948314999,4898,0.055294024677978344,4130,79553,981,2102,0.6818034382095362,28.44510982713046,5,0.0
xgboost,periodic,expanding,model,0.8,0.0,25.0,88581,3083,894424.2948314999,10.097247658431266,-894424.2948314999,4898,0.055294024677978344,4130,79553,981,2102,0.6818034382095362,28.44510982713046,5,0.0
xgboost,periodic,expanding,model,0.8,100.0,5.0,88581,3083,846284.2948314999,9.553790257860037,-846284.2948314999,4898,0.055294024677978344,4130,79553,981,2102,0.6818034382095362,28.44510982713046,5,500.0
xgboost,periodic,expanding,model,0.8,100.0,10.0,88581,3083,858444.2948314999,9.691065745831498,-858444.2948314999,4898,0.055294024677978344,4130,79553,981,2102,0.6818034382095362,28.44510982713046,5,500.0
xgboost,periodic,expanding,model,0.8,100.0,25.0,88581,3083,894924.2948314999,10.102892209745882,-894924.2948314999,4898,0.055294024677978344,4130,79553,981,2102,0.6818034382095362,28.44510982713046,5,500.0
xgboost,periodic,expanding,model,0.8,500.0,5.0,88581,3083,848284.2948314999,9.5763684631185,-848284.2948314999,4898,0.055294024677978344,4130,79553,981,2102,0.6818034382095362,28.44510982713046,5,2500.0
xgboost,periodic,expanding,model,0.8,500.0,10.0,88581,3083,860444.2948314999,9.713643951089962,-860444.2948314999,4898,0.055294024677978344,4130,79553,981,2102,0.6818034382095362,28.44510982713046,5,2500.0
xgboost,periodic,expanding,model,0.8,500.0,25.0,88581,3083,896924.2948314999,10.125470415004346,-896924.2948314999,4898,0.055294024677978344,4130,79553,981,2102,0.6818034382095362,28.44510982713046,5,2500.0
xgboost,periodic,expanding,model,1.0,0.0,5.0,88581,3083,774927.2195915,8.748232912153847,-774927.2195915,4898,0.055294024677978344,4130,79553,981,2102,0.6818034382095362,28.44510982713046,5,0.0
xgboost,periodic,expanding,model,1.0,0.0,10.0,88581,3083,787087.2195915,8.885508400125309,-787087.2195915,4898,0.055294024677978344,4130,79553,981,2102,0.6818034382095362,28.44510982713046,5,0.0
xgboost,periodic,expanding,model,1.0,0.0,25.0,88581,3083,823567.2195914998,9.29733486403969,-823567.2195914998,4898,0.055294024677978344,4130,79553,981,2102,0.6818034382095362,28.44510982713046,5,0.0
xgboost,periodic,expanding,model,1.0,100.0,5.0,88581,3083,775427.2195915,8.753877463468465,-775427.2195915,4898,0.055294024677978344,4130,79553,981,2102,0.6818034382095362,28.44510982713046,5,500.0
xgboost,periodic,expanding,model,1.0,100.0,10.0,88581,3083,787587.2195915,8.891152951439926,-787587.2195915,4898,0.055294024677978344,4130,79553,981,2102,0.6818034382095362,28.44510982713046,5,500.0
xgboost,periodic,expanding,model,1.0,100.0,25.0,88581,3083,824067.2195914998,9.302979415354306,-824067.2195914998,4898,0.055294024677978344,4130,79553,981,2102,0.6818034382095362,28.44510982713046,5,500.0
xgboost,periodic,expanding,model,1.0,500.0,5.0,88581,3083,777427.2195915,8.776455668726928,-777427.2195915,4898,0.055294024677978344,4130,79553,981,2102,0.6818034382095362,28.44510982713046,5,2500.0
xgboost,periodic,expanding,model,1.0,500.0,10.0,88581,3083,789587.2195915,8.91373115669839,-789587.2195915,4898,0.055294024677978344,4130,79553,981,2102,0.6818034382095362,28.44510982713046,5,2500.0
xgboost,periodic,expanding,model,1.0,500.0,25.0,88581,3083,826067.2195914998,9.32555762061277,-826067.2195914998,4898,0.055294024677978344,4130,79553,981,2102,0.6818034382095362,28.44510982713046,5,2500.0
xgboost,alert,expanding,model,0.6,0.0,5.0,88581,3083,941097.5597980001,10.624146936679425,-941097.5597980001,4898,0.055294024677978344,4184,79499,1013,2070,0.6714239377229971,29.509462209642333,1,0.0
xgboost,alert,expanding,model,0.6,0.0,10.0,88581,3083,953712.5597980001,10.766558966347187,-953712.5597980001,4898,0.055294024677978344,4184,79499,1013,2070,0.6714239377229971,29.509462209642333,1,0.0
xgboost,alert,expanding,model,0.6,0.0,25.0,88581,3083,991557.5597980001,11.193795055350472,-991557.5597980001,4898,0.055294024677978344,4184,79499,1013,2070,0.6714239377229971,29.509462209642333,1,0.0
xgboost,alert,expanding,model,0.6,100.0,5.0,88581,3083,941197.5597980001,10.625275846942348,-941197.5597980001,4898,0.055294024677978344,4184,79499,1013,2070,0.6714239377229971,29.509462209642333,1,100.0
xgboost,alert,expanding,model,0.6,100.0,10.0,88581,3083,953812.5597980001,10.76768787661011,-953812.5597980001,4898,0.055294024677978344,4184,79499,1013,2070,0.6714239377229971,29.509462209642333,1,100.0
xgboost,alert,expanding,model,0.6,100.0,25.0,88581,3083,991657.5597980001,11.194923965613395,-991657.5597980001,4898,0.055294024677978344,4184,79499,1013,2070,0.6714239377229971,29.509462209642333,1,100.0
xgboost,alert,expanding,model,0.6,500.0,5.0,88581,3083,941597.5597980001,10.62979148799404,-941597.5597980001,4898,0.055294024677978344,4184,79499,1013,2070,0.6714239377229971,29.509462209642333,1,500.0
xgboost,alert,expanding,model,0.6,500.0,10.0,88581,3083,954212.5597980001,10.772203517661803,-954212.5597980001,4898,0.055294024677978344,4184,79499,1013,2070,0.6714239377229971,29.509462209642333,1,500.0
xgboost,alert,expanding,model,0.6,500.0,25.0,88581,3083,992057.5597980001,11.199439606665088,-992057.5597980001,4898,0.055294024677978344,4184,79499,1013,2070,0.6714239377229971,29.509462209642333,1,500.0
xgboost,alert,expanding,model,0.8,0.0,5.0,88581,3083,871405.9143759998,9.837390799110416,-871405.9143759998,4898,0.055294024677978344,4184,79499,1013,2070,0.6714239377229971,29.509462209642333,1,0.0
xgboost,alert,expanding,model,0.8,0.0,10.0,88581,3083,884020.9143759998,9.979802828778178,-884020.9143759998,4898,0.055294024677978344,4184,79499,1013,2070,0.6714239377229971,29.509462209642333,1,0.0
xgboost,alert,expanding,model,0.8,0.0,25.0,88581,3083,921865.9143759998,10.407038917781463,-921865.9143759998,4898,0.055294024677978344,4184,79499,1013,2070,0.6714239377229971,29.509462209642333,1,0.0
xgboost,alert,expanding,model,0.8,100.0,5.0,88581,3083,871505.9143759998,9.83851970937334,-871505.9143759998,4898,0.055294024677978344,4184,79499,1013,2070,0.6714239377229971,29.509462209642333,1,100.0
xgboost,alert,expanding,model,0.8,100.0,10.0,88581,3083,884120.9143759998,9.980931739041102,-884120.9143759998,4898,0.055294024677978344,4184,79499,1013,2070,0.6714239377229971,29.509462209642333,1,100.0
xgboost,alert,expanding,model,0.8,100.0,25.0,88581,3083,921965.9143759998,10.408167828044387,-921965.9143759998,4898,0.055294024677978344,4184,79499,1013,2070,0.6714239377229971,29.509462209642333,1,100.0
xgboost,alert,expanding,model,0.8,500.0,5.0,88581,3083,871905.9143759998,9.843035350425033,-871905.9143759998,4898,0.055294024677978344,4184,79499,1013,2070,0.6714239377229971,29.509462209642333,1,500.0
xgboost,alert,expanding,model,0.8,500.0,10.0,88581,3083,884520.9143759998,9.985447380092795,-884520.9143759998,4898,0.055294024677978344,4184,79499,1013,2070,0.6714239377229971,29.509462209642333,1,500.0
xgboost,alert,expanding,model,0.8,500.0,25.0,88581,3083,922365.9143759998,10.412683469096079,-922365.9143759998,4898,0.055294024677978344,4184,79499,1013,2070,0.6714239377229971,29.509462209642333,1,500.0
xgboost,alert,expanding,model,1.0,0.0,5.0,88581,3083,801714.268954,9.050634661541414,-801714.268954,4898,0.055294024677978344,4184,79499,1013,2070,0.6714239377229971,29.509462209642333,1,0.0
xgboost,alert,expanding,model,1.0,0.0,10.0,88581,3083,814329.268954,9.193046691209176,-814329.268954,4898,0.055294024677978344,4184,79499,1013,2070,0.6714239377229971,29.509462209642333,1,0.0
xgboost,alert,expanding,model,1.0,0.0,25.0,88581,3083,852174.268954,9.620282780212461,-852174.268954,4898,0.055294024677978344,4184,79499,1013,2070,0.6714239377229971,29.509462209642333,1,0.0
xgboost,alert,expanding,model,1.0,100.0,5.0,88581,3083,801814.268954,9.051763571804337,-801814.268954,4898,0.055294024677978344,4184,79499,1013,2070,0.6714239377229971,29.509462209642333,1,100.0
xgboost,alert,expanding,model,1.0,100.0,10.0,88581,3083,814429.268954,9.194175601472098,-814429.268954,4898,0.055294024677978344,4184,79499,1013,2070,0.6714239377229971,29.509462209642333,1,100.0
xgboost,alert,expanding,model,1.0,100.0,25.0,88581,3083,852274.268954,9.621411690475384,-852274.268954,4898,0.055294024677978344,4184,79499,1013,2070,0.6714239377229971,29.509462209642333,1,100.0
xgboost,alert,expanding,model,1.0,500.0,5.0,88581,3083,802214.268954,9.05627921285603,-802214.268954,4898,0.055294024677978344,4184,79499,1013,2070,0.6714239377229971,29.509462209642333,1,500.0
xgboost,alert,expanding,model,1.0,500.0,10.0,88581,3083,814829.268954,9.198691242523791,-814829.268954,4898,0.055294024677978344,4184,79499,1013,2070,0.6714239377229971,29.509462209642333,1,500.0
xgboost,alert,expanding,model,1.0,500.0,25.0,88581,3083,852674.268954,9.625927331527077,-852674.268954,4898,0.055294024677978344,4184,79499,1013,2070,0.6714239377229971,29.509462209642333,1,500.0
catboost,static,initial_70pct,model,0.6,0.0,5.0,88581,3083,990563.192383,11.182569539551372,-990563.192383,4898,0.055294024677978344,4037,79646,1105,1978,0.6415828738241972,28.94804556831739,0,0.0
catboost,static,initial_70pct,model,0.6,0.0,10.0,88581,3083,1002938.192383,11.322272184588117,-1002938.192383,4898,0.055294024677978344,4037,79646,1105,1978,0.6415828738241972,28.94804556831739,0,0.0
catboost,static,initial_70pct,model,0.6,0.0,25.0,88581,3083,1040063.192383,11.741380119698356,-1040063.192383,4898,0.055294024677978344,4037,79646,1105,1978,0.6415828738241972,28.94804556831739,0,0.0
catboost,static,initial_70pct,model,0.6,100.0,5.0,88581,3083,990563.192383,11.182569539551372,-990563.192383,4898,0.055294024677978344,4037,79646,1105,1978,0.6415828738241972,28.94804556831739,0,0.0
catboost,static,initial_70pct,model,0.6,100.0,10.0,88581,3083,1002938.192383,11.322272184588117,-1002938.192383,4898,0.055294024677978344,4037,79646,1105,1978,0.6415828738241972,28.94804556831739,0,0.0
catboost,static,initial_70pct,model,0.6,100.0,25.0,88581,3083,1040063.192383,11.741380119698356,-1040063.192383,4898,0.055294024677978344,4037,79646,1105,1978,0.6415828738241972,28.94804556831739,0,0.0
catboost,static,initial_70pct,model,0.6,500.0,5.0,88581,3083,990563.192383,11.182569539551372,-990563.192383,4898,0.055294024677978344,4037,79646,1105,1978,0.6415828738241972,28.94804556831739,0,0.0
catboost,static,initial_70pct,model,0.6,500.0,10.0,88581,3083,1002938.192383,11.322272184588117,-1002938.192383,4898,0.055294024677978344,4037,79646,1105,1978,0.6415828738241972,28.94804556831739,0,0.0
catboost,static,initial_70pct,model,0.6,500.0,25.0,88581,3083,1040063.192383,11.741380119698356,-1040063.192383,4898,0.055294024677978344,4037,79646,1105,1978,0.6415828738241972,28.94804556831739,0,0.0
catboost,static,initial_70pct,model,0.8,0.0,5.0,88581,3083,917193.402337,10.354290449836872,-917193.402337,4898,0.055294024677978344,4037,79646,1105,1978,0.6415828738241972,28.94804556831739,0,0.0
catboost,static,initial_70pct,model,0.8,0.0,10.0,88581,3083,929568.402337,10.493993094873618,-929568.402337,4898,0.055294024677978344,4037,79646,1105,1978,0.6415828738241972,28.94804556831739,0,0.0
catboost,static,initial_70pct,model,0.8,0.0,25.0,88581,3083,966693.402337,10.913101029983856,-966693.402337,4898,0.055294024677978344,4037,79646,1105,1978,0.6415828738241972,28.94804556831739,0,0.0
catboost,static,initial_70pct,model,0.8,100.0,5.0,88581,3083,917193.402337,10.354290449836872,-917193.402337,4898,0.055294024677978344,4037,79646,1105,1978,0.6415828738241972,28.94804556831739,0,0.0
catboost,static,initial_70pct,model,0.8,100.0,10.0,88581,3083,929568.402337,10.493993094873618,-929568.402337,4898,0.055294024677978344,4037,79646,1105,1978,0.6415828738241972,28.94804556831739,0,0.0
catboost,static,initial_70pct,model,0.8,100.0,25.0,88581,3083,966693.402337,10.913101029983856,-966693.402337,4898,0.055294024677978344,4037,79646,1105,1978,0.6415828738241972,28.94804556831739,0,0.0
catboost,static,initial_70pct,model,0.8,500.0,5.0,88581,3083,917193.402337,10.354290449836872,-917193.402337,4898,0.055294024677978344,4037,79646,1105,1978,0.6415828738241972,28.94804556831739,0,0.0
catboost,static,initial_70pct,model,0.8,500.0,10.0,88581,3083,929568.402337,10.493993094873618,-929568.402337,4898,0.055294024677978344,4037,79646,1105,1978,0.6415828738241972,28.94804556831739,0,0.0
catboost,static,initial_70pct,model,0.8,500.0,25.0,88581,3083,966693.402337,10.913101029983856,-966693.402337,4898,0.055294024677978344,4037,79646,1105,1978,0.6415828738241972,28.94804556831739,0,0.0
catboost,static,initial_70pct,model,1.0,0.0,5.0,88581,3083,843823.612291,9.526011360122373,-843823.612291,4898,0.055294024677978344,4037,79646,1105,1978,0.6415828738241972,28.94804556831739,0,0.0
catboost,static,initial_70pct,model,1.0,0.0,10.0,88581,3083,856198.612291,9.665714005159119,-856198.612291,4898,0.055294024677978344,4037,79646,1105,1978,0.6415828738241972,28.94804556831739,0,0.0
catboost,static,initial_70pct,model,1.0,0.0,25.0,88581,3083,893323.612291,10.084821940269357,-893323.612291,4898,0.055294024677978344,4037,79646,1105,1978,0.6415828738241972,28.94804556831739,0,0.0
catboost,static,initial_70pct,model,1.0,100.0,5.0,88581,3083,843823.612291,9.526011360122373,-843823.612291,4898,0.055294024677978344,4037,79646,1105,1978,0.6415828738241972,28.94804556831739,0,0.0
catboost,static,initial_70pct,model,1.0,100.0,10.0,88581,3083,856198.612291,9.665714005159119,-856198.612291,4898,0.055294024677978344,4037,79646,1105,1978,0.6415828738241972,28.94804556831739,0,0.0
catboost,static,initial_70pct,model,1.0,100.0,25.0,88581,3083,893323.612291,10.084821940269357,-893323.612291,4898,0.055294024677978344,4037,79646,1105,1978,0.6415828738241972,28.94804556831739,0,0.0
catboost,static,initial_70pct,model,1.0,500.0,5.0,88581,3083,843823.612291,9.526011360122373,-843823.612291,4898,0.055294024677978344,4037,79646,1105,1978,0.6415828738241972,28.94804556831739,0,0.0
catboost,static,initial_70pct,model,1.0,500.0,10.0,88581,3083,856198.612291,9.665714005159119,-856198.612291,4898,0.055294024677978344,4037,79646,1105,1978,0.6415828738241972,28.94804556831739,0,0.0
catboost,static,initial_70pct,model,1.0,500.0,25.0,88581,3083,893323.612291,10.084821940269357,-893323.612291,4898,0.055294024677978344,4037,79646,1105,1978,0.6415828738241972,28.94804556831739,0,0.0
catboost,periodic,14,model,0.6,0.0,5.0,88581,3083,1097785.0858085,12.393008498532415,-1097785.0858085,4898,0.055294024677978344,4609,79074,1020,2063,0.6691534219915667,33.778567919717425,5,0.0
catboost,periodic,14,model,0.6,0.0,10.0,88581,3083,1112225.0858085,12.556023140498526,-1112225.0858085,4898,0.055294024677978344,4609,79074,1020,2063,0.6691534219915667,33.778567919717425,5,0.0
catboost,periodic,14,model,0.6,0.0,25.0,88581,3083,1155545.0858085,13.045067066396857,-1155545.0858085,4898,0.055294024677978344,4609,79074,1020,2063,0.6691534219915667,33.778567919717425,5,0.0
catboost,periodic,14,model,0.6,100.0,5.0,88581,3083,1098285.0858085,12.398653049847033,-1098285.0858085,4898,0.055294024677978344,4609,79074,1020,2063,0.6691534219915667,33.778567919717425,5,500.0
catboost,periodic,14,model,0.6,100.0,10.0,88581,3083,1112725.0858085,12.561667691813142,-1112725.0858085,4898,0.055294024677978344,4609,79074,1020,2063,0.6691534219915667,33.778567919717425,5,500.0
catboost,periodic,14,model,0.6,100.0,25.0,88581,3083,1156045.0858085,13.050711617711473,-1156045.0858085,4898,0.055294024677978344,4609,79074,1020,2063,0.6691534219915667,33.778567919717425,5,500.0
catboost,periodic,14,model,0.6,500.0,5.0,88581,3083,1100285.0858085,12.421231255105496,-1100285.0858085,4898,0.055294024677978344,4609,79074,1020,2063,0.6691534219915667,33.778567919717425,5,2500.0
catboost,periodic,14,model,0.6,500.0,10.0,88581,3083,1114725.0858085,12.584245897071606,-1114725.0858085,4898,0.055294024677978344,4609,79074,1020,2063,0.6691534219915667,33.778567919717425,5,2500.0
catboost,periodic,14,model,0.6,500.0,25.0,88581,3083,1158045.0858085,13.073289822969937,-1158045.0858085,4898,0.055294024677978344,4609,79074,1020,2063,0.6691534219915667,33.778567919717425,5,2500.0
catboost,periodic,14,model,0.8,0.0,5.0,88581,3083,1023102.1177145,11.549904807063593,-1023102.1177145,4898,0.055294024677978344,4609,79074,1020,2063,0.6691534219915667,33.778567919717425,5,0.0
catboost,periodic,14,model,0.8,0.0,10.0,88581,3083,1037542.1177145,11.712919449029702,-1037542.1177145,4898,0.055294024677978344,4609,79074,1020,2063,0.6691534219915667,33.778567919717425,5,0.0
catboost,periodic,14,model,0.8,0.0,25.0,88581,3083,1080862.1177145,12.201963374928033,-1080862.1177145,4898,0.055294024677978344,4609,79074,1020,2063,0.6691534219915667,33.778567919717425,5,0.0
catboost,periodic,14,model,0.8,100.0,5.0,88581,3083,1023602.1177145,11.555549358378208,-1023602.1177145,4898,0.055294024677978344,4609,79074,1020,2063,0.6691534219915667,33.778567919717425,5,500.0
catboost,periodic,14,model,0.8,100.0,10.0,88581,3083,1038042.1177145,11.718564000344319,-1038042.1177145,4898,0.055294024677978344,4609,79074,1020,2063,0.6691534219915667,33.778567919717425,5,500.0
catboost,periodic,14,model,0.8,100.0,25.0,88581,3083,1081362.1177145,12.207607926242648,-1081362.1177145,4898,0.055294024677978344,4609,79074,1020,2063,0.6691534219915667,33.778567919717425,5,500.0
catboost,periodic,14,model,0.8,500.0,5.0,88581,3083,1025602.1177145,11.578127563636672,-1025602.1177145,4898,0.055294024677978344,4609,79074,1020,2063,0.6691534219915667,33.778567919717425,5,2500.0
catboost,periodic,14,model,0.8,500.0,10.0,88581,3083,1040042.1177145,11.741142205602783,-1040042.1177145,4898,0.055294024677978344,4609,79074,1020,2063,0.6691534219915667,33.778567919717425,5,2500.0
catboost,periodic,14,model,0.8,500.0,25.0,88581,3083,1083362.1177145,12.230186131501112,-1083362.1177145,4898,0.055294024677978344,4609,79074,1020,2063,0.6691534219915667,33.778567919717425,5,2500.0
catboost,periodic,14,model,1.0,0.0,5.0,88581,3083,948419.1496204999,10.706801115594766,-948419.1496204999,4898,0.055294024677978344,4609,79074,1020,2063,0.6691534219915667,33.778567919717425,5,0.0
catboost,periodic,14,model,1.0,0.0,10.0,88581,3083,962859.1496204999,10.869815757560875,-962859.1496204999,4898,0.055294024677978344,4609,79074,1020,2063,0.6691534219915667,33.778567919717425,5,0.0
catboost,periodic,14,model,1.0,0.0,25.0,88581,3083,1006179.1496204999,11.358859683459206,-1006179.1496204999,4898,0.055294024677978344,4609,79074,1020,2063,0.6691534219915667,33.778567919717425,5,0.0
catboost,periodic,14,model,1.0,100.0,5.0,88581,3083,948919.1496204999,10.712445666909382,-948919.1496204999,4898,0.055294024677978344,4609,79074,1020,2063,0.6691534219915667,33.778567919717425,5,500.0
catboost,periodic,14,model,1.0,100.0,10.0,88581,3083,963359.1496204999,10.87546030887549,-963359.1496204999,4898,0.055294024677978344,4609,79074,1020,2063,0.6691534219915667,33.778567919717425,5,500.0
catboost,periodic,14,model,1.0,100.0,25.0,88581,3083,1006679.1496204999,11.364504234773822,-1006679.1496204999,4898,0.055294024677978344,4609,79074,1020,2063,0.6691534219915667,33.778567919717425,5,500.0
catboost,periodic,14,model,1.0,500.0,5.0,88581,3083,950919.1496204999,10.735023872167845,-950919.1496204999,4898,0.055294024677978344,4609,79074,1020,2063,0.6691534219915667,33.778567919717425,5,2500.0
catboost,periodic,14,model,1.0,500.0,10.0,88581,3083,965359.1496204999,10.898038514133956,-965359.1496204999,4898,0.055294024677978344,4609,79074,1020,2063,0.6691534219915667,33.778567919717425,5,2500.0
catboost,periodic,14,model,1.0,500.0,25.0,88581,3083,1008679.1496204999,11.387082440032286,-1008679.1496204999,4898,0.055294024677978344,4609,79074,1020,2063,0.6691534219915667,33.778567919717425,5,2500.0
catboost,alert,14,model,0.6,0.0,5.0,88581,3083,1121485.6219255002,12.660566283125052,-1121485.6219255002,4898,0.055294024677978344,4434,79249,1067,2016,0.6539085306519624,32.59725373692952,2,0.0
catboost,alert,14,model,0.6,0.0,10.0,88581,3083,1135420.6219255002,12.8178799282634,-1135420.6219255002,4898,0.055294024677978344,4434,79249,1067,2016,0.6539085306519624,32.59725373692952,2,0.0
catboost,alert,14,model,0.6,0.0,25.0,88581,3083,1177225.6219255002,13.289820863678443,-1177225.6219255002,4898,0.055294024677978344,4434,79249,1067,2016,0.6539085306519624,32.59725373692952,2,0.0
catboost,alert,14,model,0.6,100.0,5.0,88581,3083,1121685.6219255002,12.662824103650898,-1121685.6219255002,4898,0.055294024677978344,4434,79249,1067,2016,0.6539085306519624,32.59725373692952,2,200.0
catboost,alert,14,model,0.6,100.0,10.0,88581,3083,1135620.6219255002,12.820137748789247,-1135620.6219255002,4898,0.055294024677978344,4434,79249,1067,2016,0.6539085306519624,32.59725373692952,2,200.0
catboost,alert,14,model,0.6,100.0,25.0,88581,3083,1177425.6219255002,13.29207868420429,-1177425.6219255002,4898,0.055294024677978344,4434,79249,1067,2016,0.6539085306519624,32.59725373692952,2,200.0
catboost,alert,14,model,0.6,500.0,5.0,88581,3083,1122485.6219255002,12.671855385754284,-1122485.6219255002,4898,0.055294024677978344,4434,79249,1067,2016,0.6539085306519624,32.59725373692952,2,1000.0
catboost,alert,14,model,0.6,500.0,10.0,88581,3083,1136420.6219255002,12.829169030892633,-1136420.6219255002,4898,0.055294024677978344,4434,79249,1067,2016,0.6539085306519624,32.59725373692952,2,1000.0
catboost,alert,14,model,0.6,500.0,25.0,88581,3083,1178225.6219255002,13.301109966307676,-1178225.6219255002,4898,0.055294024677978344,4434,79249,1067,2016,0.6539085306519624,32.59725373692952,2,1000.0
catboost,alert,14,model,0.8,0.0,5.0,88581,3083,1040207.7678414999,11.743012246887028,-1040207.7678414999,4898,0.055294024677978344,4434,79249,1067,2016,0.6539085306519624,32.59725373692952,2,0.0
catboost,alert,14,model,0.8,0.0,10.0,88581,3083,1054142.7678414998,11.900325892025375,-1054142.7678414998,4898,0.055294024677978344,4434,79249,1067,2016,0.6539085306519624,32.59725373692952,2,0.0
catboost,alert,14,model,0.8,0.0,25.0,88581,3083,1095947.7678414998,12.37226682744042,-1095947.7678414998,4898,0.055294024677978344,4434,79249,1067,2016,0.6539085306519624,32.59725373692952,2,0.0
catboost,alert,14,model,0.8,100.0,5.0,88581,3083,1040407.7678414999,11.745270067412875,-1040407.7678414999,4898,0.055294024677978344,4434,79249,1067,2016,0.6539085306519624,32.59725373692952,2,200.0
catboost,alert,14,model,0.8,100.0,10.0,88581,3083,1054342.7678414998,11.902583712551221,-1054342.7678414998,4898,0.055294024677978344,4434,79249,1067,2016,0.6539085306519624,32.59725373692952,2,200.0
catboost,alert,14,model,0.8,100.0,25.0,88581,3083,1096147.7678414998,12.374524647966265,-1096147.7678414998,4898,0.055294024677978344,4434,79249,1067,2016,0.6539085306519624,32.59725373692952,2,200.0
catboost,alert,14,model,0.8,500.0,5.0,88581,3083,1041207.7678414999,11.754301349516261,-1041207.7678414999,4898,0.055294024677978344,4434,79249,1067,2016,0.6539085306519624,32.59725373692952,2,1000.0
catboost,alert,14,model,0.8,500.0,10.0,88581,3083,1055142.7678414998,11.911614994654608,-1055142.7678414998,4898,0.055294024677978344,4434,79249,1067,2016,0.6539085306519624,32.59725373692952,2,1000.0
catboost,alert,14,model,0.8,500.0,25.0,88581,3083,1096947.7678414998,12.383555930069651,-1096947.7678414998,4898,0.055294024677978344,4434,79249,1067,2016,0.6539085306519624,32.59725373692952,2,1000.0
catboost,alert,14,model,1.0,0.0,5.0,88581,3083,958929.9137574999,10.825458210649009,-958929.9137574999,4898,0.055294024677978344,4434,79249,1067,2016,0.6539085306519624,32.59725373692952,2,0.0
catboost,alert,14,model,1.0,0.0,10.0,88581,3083,972864.9137574999,10.982771855787357,-972864.9137574999,4898,0.055294024677978344,4434,79249,1067,2016,0.6539085306519624,32.59725373692952,2,0.0
catboost,alert,14,model,1.0,0.0,25.0,88581,3083,1014669.9137574999,11.4547127912024,-1014669.9137574999,4898,0.055294024677978344,4434,79249,1067,2016,0.6539085306519624,32.59725373692952,2,0.0
catboost,alert,14,model,1.0,100.0,5.0,88581,3083,959129.9137574999,10.827716031174855,-959129.9137574999,4898,0.055294024677978344,4434,79249,1067,2016,0.6539085306519624,32.59725373692952,2,200.0
catboost,alert,14,model,1.0,100.0,10.0,88581,3083,973064.9137574999,10.985029676313204,-973064.9137574999,4898,0.055294024677978344,4434,79249,1067,2016,0.6539085306519624,32.59725373692952,2,200.0
catboost,alert,14,model,1.0,100.0,25.0,88581,3083,1014869.9137574999,11.456970611728247,-1014869.9137574999,4898,0.055294024677978344,4434,79249,1067,2016,0.6539085306519624,32.59725373692952,2,200.0
catboost,alert,14,model,1.0,500.0,5.0,88581,3083,959929.9137574999,10.836747313278241,-959929.9137574999,4898,0.055294024677978344,4434,79249,1067,2016,0.6539085306519624,32.59725373692952,2,1000.0
catboost,alert,14,model,1.0,500.0,10.0,88581,3083,973864.9137574999,10.99406095841659,-973864.9137574999,4898,0.055294024677978344,4434,79249,1067,2016,0.6539085306519624,32.59725373692952,2,1000.0
catboost,alert,14,model,1.0,500.0,25.0,88581,3083,1015669.9137574999,11.466001893831633,-1015669.9137574999,4898,0.055294024677978344,4434,79249,1067,2016,0.6539085306519624,32.59725373692952,2,1000.0
catboost,periodic,30,model,0.6,0.0,5.0,88581,3083,963576.3881600001,10.877912737042934,-963576.3881600001,4898,0.055294024677978344,4616,79067,939,2144,0.6954265325981187,33.25223981847528,5,0.0
catboost,periodic,30,model,0.6,0.0,10.0,88581,3083,977791.3881600001,11.038387330917466,-977791.3881600001,4898,0.055294024677978344,4616,79067,939,2144,0.6954265325981187,33.25223981847528,5,0.0
catboost,periodic,30,model,0.6,0.0,25.0,88581,3083,1020436.3881600001,11.519811112541065,-1020436.3881600001,4898,0.055294024677978344,4616,79067,939,2144,0.6954265325981187,33.25223981847528,5,0.0
catboost,periodic,30,model,0.6,100.0,5.0,88581,3083,964076.3881600001,10.883557288357549,-964076.3881600001,4898,0.055294024677978344,4616,79067,939,2144,0.6954265325981187,33.25223981847528,5,500.0
catboost,periodic,30,model,0.6,100.0,10.0,88581,3083,978291.3881600001,11.044031882232082,-978291.3881600001,4898,0.055294024677978344,4616,79067,939,2144,0.6954265325981187,33.25223981847528,5,500.0
catboost,periodic,30,model,0.6,100.0,25.0,88581,3083,1020936.3881600001,11.52545566385568,-1020936.3881600001,4898,0.055294024677978344,4616,79067,939,2144,0.6954265325981187,33.25223981847528,5,500.0
catboost,periodic,30,model,0.6,500.0,5.0,88581,3083,966076.3881600001,10.906135493616013,-966076.3881600001,4898,0.055294024677978344,4616,79067,939,2144,0.6954265325981187,33.25223981847528,5,2500.0
catboost,periodic,30,model,0.6,500.0,10.0,88581,3083,980291.3881600001,11.066610087490547,-980291.3881600001,4898,0.055294024677978344,4616,79067,939,2144,0.6954265325981187,33.25223981847528,5,2500.0
catboost,periodic,30,model,0.6,500.0,25.0,88581,3083,1022936.3881600001,11.548033869114144,-1022936.3881600001,4898,0.055294024677978344,4616,79067,939,2144,0.6954265325981187,33.25223981847528,5,2500.0
catboost,periodic,30,model,0.8,0.0,5.0,88581,3083,893945.6421919999,10.091844099660197,-893945.6421919999,4898,0.055294024677978344,4616,79067,939,2144,0.6954265325981187,33.25223981847528,5,0.0
catboost,periodic,30,model,0.8,0.0,10.0,88581,3083,908160.6421920002,10.252318693534733,-908160.6421920002,4898,0.055294024677978344,4616,79067,939,2144,0.6954265325981187,33.25223981847528,5,0.0
catboost,periodic,30,model,0.8,0.0,25.0,88581,3083,950805.6421920002,10.733742475158332,-950805.6421920002,4898,0.055294024677978344,4616,79067,939,2144,0.6954265325981187,33.25223981847528,5,0.0
catboost,periodic,30,model,0.8,100.0,5.0,88581,3083,894445.6421919999,10.097488650974814,-894445.6421919999,4898,0.055294024677978344,4616,79067,939,2144,0.6954265325981187,33.25223981847528,5,500.0
catboost,periodic,30,model,0.8,100.0,10.0,88581,3083,908660.6421920002,10.257963244849348,-908660.6421920002,4898,0.055294024677978344,4616,79067,939,2144,0.6954265325981187,33.25223981847528,5,500.0
catboost,periodic,30,model,0.8,100.0,25.0,88581,3083,951305.6421920002,10.739387026472947,-951305.6421920002,4898,0.055294024677978344,4616,79067,939,2144,0.6954265325981187,33.25223981847528,5,500.0
catboost,periodic,30,model,0.8,500.0,5.0,88581,3083,896445.6421919999,10.120066856233278,-896445.6421919999,4898,0.055294024677978344,4616,79067,939,2144,0.6954265325981187,33.25223981847528,5,2500.0
catboost,periodic,30,model,0.8,500.0,10.0,88581,3083,910660.6421920002,10.280541450107814,-910660.6421920002,4898,0.055294024677978344,4616,79067,939,2144,0.6954265325981187,33.25223981847528,5,2500.0
catboost,periodic,30,model,0.8,500.0,25.0,88581,3083,953305.6421920002,10.761965231731411,-953305.6421920002,4898,0.055294024677978344,4616,79067,939,2144,0.6954265325981187,33.25223981847528,5,2500.0
catboost,periodic,30,model,1.0,0.0,5.0,88581,3083,824314.896224,9.305775462277463,-824314.896224,4898,0.055294024677978344,4616,79067,939,2144,0.6954265325981187,33.25223981847528,5,0.0
catboost,periodic,30,model,1.0,0.0,10.0,88581,3083,838529.896224,9.466250056151997,-838529.896224,4898,0.055294024677978344,4616,79067,939,2144,0.6954265325981187,33.25223981847528,5,0.0
catboost,periodic,30,model,1.0,0.0,25.0,88581,3083,881174.896224,9.947673837775595,-881174.896224,4898,0.055294024677978344,4616,79067,939,2144,0.6954265325981187,33.25223981847528,5,0.0
catboost,periodic,30,model,1.0,100.0,5.0,88581,3083,824814.896224,9.31142001359208,-824814.896224,4898,0.055294024677978344,4616,79067,939,2144,0.6954265325981187,33.25223981847528,5,500.0
catboost,periodic,30,model,1.0,100.0,10.0,88581,3083,839029.896224,9.471894607466613,-839029.896224,4898,0.055294024677978344,4616,79067,939,2144,0.6954265325981187,33.25223981847528,5,500.0
catboost,periodic,30,model,1.0,100.0,25.0,88581,3083,881674.896224,9.953318389090212,-881674.896224,4898,0.055294024677978344,4616,79067,939,2144,0.6954265325981187,33.25223981847528,5,500.0
catboost,periodic,30,model,1.0,500.0,5.0,88581,3083,826814.896224,9.333998218850544,-826814.896224,4898,0.055294024677978344,4616,79067,939,2144,0.6954265325981187,33.25223981847528,5,2500.0
catboost,periodic,30,model,1.0,500.0,10.0,88581,3083,841029.896224,9.494472812725077,-841029.896224,4898,0.055294024677978344,4616,79067,939,2144,0.6954265325981187,33.25223981847528,5,2500.0
catboost,periodic,30,model,1.0,500.0,25.0,88581,3083,883674.896224,9.975896594348676,-883674.896224,4898,0.055294024677978344,4616,79067,939,2144,0.6954265325981187,33.25223981847528,5,2500.0
catboost,alert,30,model,0.6,0.0,5.0,88581,3083,1001699.8774814999,11.308292720577775,-1001699.8774814999,4898,0.055294024677978344,4261,79422,1015,2068,0.6707752189425884,30.398371891740158,1,0.0
catboost,alert,30,model,0.6,0.0,10.0,88581,3083,1014694.8774814999,11.454994609244645,-1014694.8774814999,4898,0.055294024677978344,4261,79422,1015,2068,0.6707752189425884,30.398371891740158,1,0.0
catboost,alert,30,model,0.6,0.0,25.0,88581,3083,1053679.8774815,11.895100275245255,-1053679.8774815,4898,0.055294024677978344,4261,79422,1015,2068,0.6707752189425884,30.398371891740158,1,0.0
catboost,alert,30,model,0.6,100.0,5.0,88581,3083,1001799.8774814999,11.3094216308407,-1001799.8774814999,4898,0.055294024677978344,4261,79422,1015,2068,0.6707752189425884,30.398371891740158,1,100.0
catboost,alert,30,model,0.6,100.0,10.0,88581,3083,1014794.8774814999,11.45612351950757,-1014794.8774814999,4898,0.055294024677978344,4261,79422,1015,2068,0.6707752189425884,30.398371891740158,1,100.0
catboost,alert,30,model,0.6,100.0,25.0,88581,3083,1053779.8774815,11.896229185508178,-1053779.8774815,4898,0.055294024677978344,4261,79422,1015,2068,0.6707752189425884,30.398371891740158,1,100.0
catboost,alert,30,model,0.6,500.0,5.0,88581,3083,1002199.8774814999,11.31393727189239,-1002199.8774814999,4898,0.055294024677978344,4261,79422,1015,2068,0.6707752189425884,30.398371891740158,1,500.0
catboost,alert,30,model,0.6,500.0,10.0,88581,3083,1015194.8774814999,11.46063916055926,-1015194.8774814999,4898,0.055294024677978344,4261,79422,1015,2068,0.6707752189425884,30.398371891740158,1,500.0
catboost,alert,30,model,0.6,500.0,25.0,88581,3083,1054179.8774815,11.90074482655987,-1054179.8774815,4898,0.055294024677978344,4261,79422,1015,2068,0.6707752189425884,30.398371891740158,1,500.0
catboost,alert,30,model,0.8,0.0,5.0,88581,3083,933117.2465115,10.5340563609747,-933117.2465115,4898,0.055294024677978344,4261,79422,1015,2068,0.6707752189425884,30.398371891740158,1,0.0
catboost,alert,30,model,0.8,0.0,10.0,88581,3083,946112.2465115,10.68075824964157,-946112.2465115,4898,0.055294024677978344,4261,79422,1015,2068,0.6707752189425884,30.398371891740158,1,0.0
catboost,alert,30,model,0.8,0.0,25.0,88581,3083,985097.2465115,11.12086391564218,-985097.2465115,4898,0.055294024677978344,4261,79422,1015,2068,0.6707752189425884,30.398371891740158,1,0.0
catboost,alert,30,model,0.8,100.0,5.0,88581,3083,933217.2465115,10.535185271237625,-933217.2465115,4898,0.055294024677978344,4261,79422,1015,2068,0.6707752189425884,30.398371891740158,1,100.0
catboost,alert,30,model,0.8,100.0,10.0,88581,3083,946212.2465115,10.681887159904495,-946212.2465115,4898,0.055294024677978344,4261,79422,1015,2068,0.6707752189425884,30.398371891740158,1,100.0
catboost,alert,30,model,0.8,100.0,25.0,88581,3083,985197.2465115,11.121992825905103,-985197.2465115,4898,0.055294024677978344,4261,79422,1015,2068,0.6707752189425884,30.398371891740158,1,100.0
catboost,alert,30,model,0.8,500.0,5.0,88581,3083,933617.2465115,10.539700912289318,-933617.2465115,4898,0.055294024677978344,4261,79422,1015,2068,0.6707752189425884,30.398371891740158,1,500.0
catboost,alert,30,model,0.8,500.0,10.0,88581,3083,946612.2465115,10.686402800956186,-946612.2465115,4898,0.055294024677978344,4261,79422,1015,2068,0.6707752189425884,30.398371891740158,1,500.0
catboost,alert,30,model,0.8,500.0,25.0,88581,3083,985597.2465115,11.126508466956796,-985597.2465115,4898,0.055294024677978344,4261,79422,1015,2068,0.6707752189425884,30.398371891740158,1,500.0
catboost,alert,30,model,1.0,0.0,5.0,88581,3083,864534.6155415,9.759820001371626,-864534.6155415,4898,0.055294024677978344,4261,79422,1015,2068,0.6707752189425884,30.398371891740158,1,0.0
catboost,alert,30,model,1.0,0.0,10.0,88581,3083,877529.6155415,9.906521890038496,-877529.6155415,4898,0.055294024677978344,4261,79422,1015,2068,0.6707752189425884,30.398371891740158,1,0.0
catboost,alert,30,model,1.0,0.0,25.0,88581,3083,916514.6155415,10.346627556039106,-916514.6155415,4898,0.055294024677978344,4261,79422,1015,2068,0.6707752189425884,30.398371891740158,1,0.0
catboost,alert,30,model,1.0,100.0,5.0,88581,3083,864634.6155415,9.76094891163455,-864634.6155415,4898,0.055294024677978344,4261,79422,1015,2068,0.6707752189425884,30.398371891740158,1,100.0
catboost,alert,30,model,1.0,100.0,10.0,88581,3083,877629.6155415,9.90765080030142,-877629.6155415,4898,0.055294024677978344,4261,79422,1015,2068,0.6707752189425884,30.398371891740158,1,100.0
catboost,alert,30,model,1.0,100.0,25.0,88581,3083,916614.6155415,10.347756466302028,-916614.6155415,4898,0.055294024677978344,4261,79422,1015,2068,0.6707752189425884,30.398371891740158,1,100.0
catboost,alert,30,model,1.0,500.0,5.0,88581,3083,865034.6155415,9.765464552686243,-865034.6155415,4898,0.055294024677978344,4261,79422,1015,2068,0.6707752189425884,30.398371891740158,1,500.0
catboost,alert,30,model,1.0,500.0,10.0,88581,3083,878029.6155415,9.912166441353111,-878029.6155415,4898,0.055294024677978344,4261,79422,1015,2068,0.6707752189425884,30.398371891740158,1,500.0
catboost,alert,30,model,1.0,500.0,25.0,88581,3083,917014.6155415,10.352272107353722,-917014.6155415,4898,0.055294024677978344,4261,79422,1015,2068,0.6707752189425884,30.398371891740158,1,500.0
catboost,periodic,45,model,0.6,0.0,5.0,88581,3083,925149.4664995,10.44410727469209,-925149.4664995,4898,0.055294024677978344,4274,79409,953,2130,0.6908855011352578,29.71999345013918,5,0.0
catboost,periodic,45,model,0.6,0.0,10.0,88581,3083,937854.4664995,10.587535323596482,-937854.4664995,4898,0.055294024677978344,4274,79409,953,2130,0.6908855011352578,29.71999345013918,5,0.0
catboost,periodic,45,model,0.6,0.0,25.0,88581,3083,975969.4664995,11.017819470309659,-975969.4664995,4898,0.055294024677978344,4274,79409,953,2130,0.6908855011352578,29.71999345013918,5,0.0
catboost,periodic,45,model,0.6,100.0,5.0,88581,3083,925649.4664995,10.449751826006706,-925649.4664995,4898,0.055294024677978344,4274,79409,953,2130,0.6908855011352578,29.71999345013918,5,500.0
catboost,periodic,45,model,0.6,100.0,10.0,88581,3083,938354.4664995,10.593179874911097,-938354.4664995,4898,0.055294024677978344,4274,79409,953,2130,0.6908855011352578,29.71999345013918,5,500.0
catboost,periodic,45,model,0.6,100.0,25.0,88581,3083,976469.4664995,11.023464021624276,-976469.4664995,4898,0.055294024677978344,4274,79409,953,2130,0.6908855011352578,29.71999345013918,5,500.0
catboost,periodic,45,model,0.6,500.0,5.0,88581,3083,927649.4664995,10.47233003126517,-927649.4664995,4898,0.055294024677978344,4274,79409,953,2130,0.6908855011352578,29.71999345013918,5,2500.0
catboost,periodic,45,model,0.6,500.0,10.0,88581,3083,940354.4664995,10.615758080169561,-940354.4664995,4898,0.055294024677978344,4274,79409,953,2130,0.6908855011352578,29.71999345013918,5,2500.0
catboost,periodic,45,model,0.6,500.0,25.0,88581,3083,978469.4664995,11.04604222688274,-978469.4664995,4898,0.055294024677978344,4274,79409,953,2130,0.6908855011352578,29.71999345013918,5,2500.0
catboost,periodic,45,model,0.8,0.0,5.0,88581,3083,862029.6983334998,9.731541733932783,-862029.6983334998,4898,0.055294024677978344,4274,79409,953,2130,0.6908855011352578,29.71999345013918,5,0.0
catboost,periodic,45,model,0.8,0.0,10.0,88581,3083,874734.6983335001,9.874969782837178,-874734.6983335001,4898,0.055294024677978344,4274,79409,953,2130,0.6908855011352578,29.71999345013918,5,0.0
catboost,periodic,45,model,0.8,0.0,25.0,88581,3083,912849.6983335001,10.305253929550355,-912849.6983335001,4898,0.055294024677978344,4274,79409,953,2130,0.6908855011352578,29.71999345013918,5,0.0
catboost,periodic,45,model,0.8,100.0,5.0,88581,3083,862529.6983334998,9.737186285247398,-862529.6983334998,4898,0.055294024677978344,4274,79409,953,2130,0.6908855011352578,29.71999345013918,5,500.0
catboost,periodic,45,model,0.8,100.0,10.0,88581,3083,875234.6983335001,9.880614334151794,-875234.6983335001,4898,0.055294024677978344,4274,79409,953,2130,0.6908855011352578,29.71999345013918,5,500.0
catboost,periodic,45,model,0.8,100.0,25.0,88581,3083,913349.6983335001,10.310898480864973,-913349.6983335001,4898,0.055294024677978344,4274,79409,953,2130,0.6908855011352578,29.71999345013918,5,500.0
catboost,periodic,45,model,0.8,500.0,5.0,88581,3083,864529.6983334998,9.759764490505862,-864529.6983334998,4898,0.055294024677978344,4274,79409,953,2130,0.6908855011352578,29.71999345013918,5,2500.0
catboost,periodic,45,model,0.8,500.0,10.0,88581,3083,877234.6983335001,9.903192539410258,-877234.6983335001,4898,0.055294024677978344,4274,79409,953,2130,0.6908855011352578,29.71999345013918,5,2500.0
catboost,periodic,45,model,0.8,500.0,25.0,88581,3083,915349.6983335001,10.333476686123436,-915349.6983335001,4898,0.055294024677978344,4274,79409,953,2130,0.6908855011352578,29.71999345013918,5,2500.0
catboost,periodic,45,model,1.0,0.0,5.0,88581,3083,798909.9301675,9.01897619317348,-798909.9301675,4898,0.055294024677978344,4274,79409,953,2130,0.6908855011352578,29.71999345013918,5,0.0
catboost,periodic,45,model,1.0,0.0,10.0,88581,3083,811614.9301675,9.162404242077873,-811614.9301675,4898,0.055294024677978344,4274,79409,953,2130,0.6908855011352578,29.71999345013918,5,0.0
catboost,periodic,45,model,1.0,0.0,25.0,88581,3083,849729.9301675002,9.592688388791052,-849729.9301675002,4898,0.055294024677978344,4274,79409,953,2130,0.6908855011352578,29.71999345013918,5,0.0
catboost,periodic,45,model,1.0,100.0,5.0,88581,3083,799409.9301675,9.024620744488097,-799409.9301675,4898,0.055294024677978344,4274,79409,953,2130,0.6908855011352578,29.71999345013918,5,500.0
catboost,periodic,45,model,1.0,100.0,10.0,88581,3083,812114.9301675,9.168048793392488,-812114.9301675,4898,0.055294024677978344,4274,79409,953,2130,0.6908855011352578,29.71999345013918,5,500.0
catboost,periodic,45,model,1.0,100.0,25.0,88581,3083,850229.9301675002,9.598332940105667,-850229.9301675002,4898,0.055294024677978344,4274,79409,953,2130,0.6908855011352578,29.71999345013918,5,500.0
catboost,periodic,45,model,1.0,500.0,5.0,88581,3083,801409.9301675,9.04719894974656,-801409.9301675,4898,0.055294024677978344,4274,79409,953,2130,0.6908855011352578,29.71999345013918,5,2500.0
catboost,periodic,45,model,1.0,500.0,10.0,88581,3083,814114.9301675,9.190626998650952,-814114.9301675,4898,0.055294024677978344,4274,79409,953,2130,0.6908855011352578,29.71999345013918,5,2500.0
catboost,periodic,45,model,1.0,500.0,25.0,88581,3083,852229.9301675002,9.620911145364133,-852229.9301675002,4898,0.055294024677978344,4274,79409,953,2130,0.6908855011352578,29.71999345013918,5,2500.0
catboost,alert,45,model,0.6,0.0,5.0,88581,3083,920400.634125,10.39049721864734,-920400.634125,4898,0.055294024677978344,4004,79679,995,2088,0.6772624067466754,27.486023064867013,1,0.0
catboost,alert,45,model,0.6,0.0,10.0,88581,3083,932150.634125,10.523144174540816,-932150.634125,4898,0.055294024677978344,4004,79679,995,2088,0.6772624067466754,27.486023064867013,1,0.0
catboost,alert,45,model,0.6,0.0,25.0,88581,3083,967400.634125,10.921085042221243,-967400.634125,4898,0.055294024677978344,4004,79679,995,2088,0.6772624067466754,27.486023064867013,1,0.0
catboost,alert,45,model,0.6,100.0,5.0,88581,3083,920500.634125,10.391626128910262,-920500.634125,4898,0.055294024677978344,4004,79679,995,2088,0.6772624067466754,27.486023064867013,1,100.0
catboost,alert,45,model,0.6,100.0,10.0,88581,3083,932250.634125,10.524273084803738,-932250.634125,4898,0.055294024677978344,4004,79679,995,2088,0.6772624067466754,27.486023064867013,1,100.0
catboost,alert,45,model,0.6,100.0,25.0,88581,3083,967500.634125,10.922213952484167,-967500.634125,4898,0.055294024677978344,4004,79679,995,2088,0.6772624067466754,27.486023064867013,1,100.0
catboost,alert,45,model,0.6,500.0,5.0,88581,3083,920900.634125,10.396141769961956,-920900.634125,4898,0.055294024677978344,4004,79679,995,2088,0.6772624067466754,27.486023064867013,1,500.0
catboost,alert,45,model,0.6,500.0,10.0,88581,3083,932650.634125,10.528788725855431,-932650.634125,4898,0.055294024677978344,4004,79679,995,2088,0.6772624067466754,27.486023064867013,1,500.0
catboost,alert,45,model,0.6,500.0,25.0,88581,3083,967900.634125,10.92672959353586,-967900.634125,4898,0.055294024677978344,4004,79679,995,2088,0.6772624067466754,27.486023064867013,1,500.0
catboost,alert,45,model,0.8,0.0,5.0,88581,3083,850205.8138770001,9.598060688827177,-850205.8138770001,4898,0.055294024677978344,4004,79679,995,2088,0.6772624067466754,27.486023064867013,1,0.0
catboost,alert,45,model,0.8,0.0,10.0,88581,3083,861955.8138770001,9.730707644720653,-861955.8138770001,4898,0.055294024677978344,4004,79679,995,2088,0.6772624067466754,27.486023064867013,1,0.0
catboost,alert,45,model,0.8,0.0,25.0,88581,3083,897205.8138770001,10.12864851240108,-897205.8138770001,4898,0.055294024677978344,4004,79679,995,2088,0.6772624067466754,27.486023064867013,1,0.0
catboost,alert,45,model,0.8,100.0,5.0,88581,3083,850305.8138770001,9.5991895990901,-850305.8138770001,4898,0.055294024677978344,4004,79679,995,2088,0.6772624067466754,27.486023064867013,1,100.0
catboost,alert,45,model,0.8,100.0,10.0,88581,3083,862055.8138770001,9.731836554983575,-862055.8138770001,4898,0.055294024677978344,4004,79679,995,2088,0.6772624067466754,27.486023064867013,1,100.0
catboost,alert,45,model,0.8,100.0,25.0,88581,3083,897305.8138770001,10.129777422664004,-897305.8138770001,4898,0.055294024677978344,4004,79679,995,2088,0.6772624067466754,27.486023064867013,1,100.0
catboost,alert,45,model,0.8,500.0,5.0,88581,3083,850705.8138770001,9.603705240141792,-850705.8138770001,4898,0.055294024677978344,4004,79679,995,2088,0.6772624067466754,27.486023064867013,1,500.0
catboost,alert,45,model,0.8,500.0,10.0,88581,3083,862455.8138770001,9.736352196035268,-862455.8138770001,4898,0.055294024677978344,4004,79679,995,2088,0.6772624067466754,27.486023064867013,1,500.0
catboost,alert,45,model,0.8,500.0,25.0,88581,3083,897705.8138770001,10.134293063715697,-897705.8138770001,4898,0.055294024677978344,4004,79679,995,2088,0.6772624067466754,27.486023064867013,1,500.0
catboost,alert,45,model,1.0,0.0,5.0,88581,3083,780010.9936289999,8.80562415900701,-780010.9936289999,4898,0.055294024677978344,4004,79679,995,2088,0.6772624067466754,27.486023064867013,1,0.0
catboost,alert,45,model,1.0,0.0,10.0,88581,3083,791760.9936289999,8.938271114900486,-791760.9936289999,4898,0.055294024677978344,4004,79679,995,2088,0.6772624067466754,27.486023064867013,1,0.0
catboost,alert,45,model,1.0,0.0,25.0,88581,3083,827010.9936289999,9.336211982580913,-827010.9936289999,4898,0.055294024677978344,4004,79679,995,2088,0.6772624067466754,27.486023064867013,1,0.0
catboost,alert,45,model,1.0,100.0,5.0,88581,3083,780110.9936289999,8.806753069269933,-780110.9936289999,4898,0.055294024677978344,4004,79679,995,2088,0.6772624067466754,27.486023064867013,1,100.0
catboost,alert,45,model,1.0,100.0,10.0,88581,3083,791860.9936289999,8.939400025163408,-791860.9936289999,4898,0.055294024677978344,4004,79679,995,2088,0.6772624067466754,27.486023064867013,1,100.0
catboost,alert,45,model,1.0,100.0,25.0,88581,3083,827110.9936289999,9.337340892843837,-827110.9936289999,4898,0.055294024677978344,4004,79679,995,2088,0.6772624067466754,27.486023064867013,1,100.0
catboost,alert,45,model,1.0,500.0,5.0,88581,3083,780510.9936289999,8.811268710321626,-780510.9936289999,4898,0.055294024677978344,4004,79679,995,2088,0.6772624067466754,27.486023064867013,1,500.0
catboost,alert,45,model,1.0,500.0,10.0,88581,3083,792260.9936289999,8.943915666215101,-792260.9936289999,4898,0.055294024677978344,4004,79679,995,2088,0.6772624067466754,27.486023064867013,1,500.0
catboost,alert,45,model,1.0,500.0,25.0,88581,3083,827510.9936289999,9.34185653389553,-827510.9936289999,4898,0.055294024677978344,4004,79679,995,2088,0.6772624067466754,27.486023064867013,1,500.0
catboost,periodic,expanding,model,0.6,0.0,5.0,88581,3083,976287.2003195,11.021406400012419,-976287.2003195,4897,0.055282735575349115,4178,79506,1016,2067,0.670450859552384,29.965613230718848,5,0.0
catboost,periodic,expanding,model,0.6,0.0,10.0,88581,3083,989097.2003194999,11.16601980469288,-989097.2003194999,4897,0.055282735575349115,4178,79506,1016,2067,0.670450859552384,29.965613230718848,5,0.0
catboost,periodic,expanding,model,0.6,0.0,25.0,88581,3083,1027527.2003194999,11.599860018734265,-1027527.2003194999,4897,0.055282735575349115,4178,79506,1016,2067,0.670450859552384,29.965613230718848,5,0.0
catboost,periodic,expanding,model,0.6,100.0,5.0,88581,3083,976787.2003195,11.027050951327034,-976787.2003195,4897,0.055282735575349115,4178,79506,1016,2067,0.670450859552384,29.965613230718848,5,500.0
catboost,periodic,expanding,model,0.6,100.0,10.0,88581,3083,989597.2003194999,11.171664356007495,-989597.2003194999,4897,0.055282735575349115,4178,79506,1016,2067,0.670450859552384,29.965613230718848,5,500.0
catboost,periodic,expanding,model,0.6,100.0,25.0,88581,3083,1028027.2003194999,11.60550457004888,-1028027.2003194999,4897,0.055282735575349115,4178,79506,1016,2067,0.670450859552384,29.965613230718848,5,500.0
catboost,periodic,expanding,model,0.6,500.0,5.0,88581,3083,978787.2003195,11.049629156585498,-978787.2003195,4897,0.055282735575349115,4178,79506,1016,2067,0.670450859552384,29.965613230718848,5,2500.0
catboost,periodic,expanding,model,0.6,500.0,10.0,88581,3083,991597.2003194999,11.194242561265959,-991597.2003194999,4897,0.055282735575349115,4178,79506,1016,2067,0.670450859552384,29.965613230718848,5,2500.0
catboost,periodic,expanding,model,0.6,500.0,25.0,88581,3083,1030027.2003194999,11.628082775307345,-1030027.2003194999,4897,0.055282735575349115,4178,79506,1016,2067,0.670450859552384,29.965613230718848,5,2500.0
catboost,periodic,expanding,model,0.8,0.0,5.0,88581,3083,895662.0324094999,10.111220604977364,-895662.0324094999,4897,0.055282735575349115,4178,79506,1016,2067,0.670450859552384,29.965613230718848,5,0.0
catboost,periodic,expanding,model,0.8,0.0,10.0,88581,3083,908472.0324094999,10.255834009657827,-908472.0324094999,4897,0.055282735575349115,4178,79506,1016,2067,0.670450859552384,29.965613230718848,5,0.0
catboost,periodic,expanding,model,0.8,0.0,25.0,88581,3083,946902.0324094999,10.689674223699212,-946902.0324094999,4897,0.055282735575349115,4178,79506,1016,2067,0.670450859552384,29.965613230718848,5,0.0
catboost,periodic,expanding,model,0.8,100.0,5.0,88581,3083,896162.0324094999,10.11686515629198,-896162.0324094999,4897,0.055282735575349115,4178,79506,1016,2067,0.670450859552384,29.965613230718848,5,500.0
catboost,periodic,expanding,model,0.8,100.0,10.0,88581,3083,908972.0324094999,10.261478560972442,-908972.0324094999,4897,0.055282735575349115,4178,79506,1016,2067,0.670450859552384,29.965613230718848,5,500.0
catboost,periodic,expanding,model,0.8,100.0,25.0,88581,3083,947402.0324094999,10.695318775013828,-947402.0324094999,4897,0.055282735575349115,4178,79506,1016,2067,0.670450859552384,29.965613230718848,5,500.0
catboost,periodic,expanding,model,0.8,500.0,5.0,88581,3083,898162.0324094999,10.139443361550445,-898162.0324094999,4897,0.055282735575349115,4178,79506,1016,2067,0.670450859552384,29.965613230718848,5,2500.0
catboost,periodic,expanding,model,0.8,500.0,10.0,88581,3083,910972.0324094999,10.284056766230906,-910972.0324094999,4897,0.055282735575349115,4178,79506,1016,2067,0.670450859552384,29.965613230718848,5,2500.0
catboost,periodic,expanding,model,0.8,500.0,25.0,88581,3083,949402.0324094999,10.717896980272291,-949402.0324094999,4897,0.055282735575349115,4178,79506,1016,2067,0.670450859552384,29.965613230718848,5,2500.0
catboost,periodic,expanding,model,1.0,0.0,5.0,88581,3083,815036.8644995,9.201034809942312,-815036.8644995,4897,0.055282735575349115,4178,79506,1016,2067,0.670450859552384,29.965613230718848,5,0.0
catboost,periodic,expanding,model,1.0,0.0,10.0,88581,3083,827846.8644995,9.345648214622775,-827846.8644995,4897,0.055282735575349115,4178,79506,1016,2067,0.670450859552384,29.965613230718848,5,0.0
catboost,periodic,expanding,model,1.0,0.0,25.0,88581,3083,866276.8644995,9.77948842866416,-866276.8644995,4897,0.055282735575349115,4178,79506,1016,2067,0.670450859552384,29.965613230718848,5,0.0
catboost,periodic,expanding,model,1.0,100.0,5.0,88581,3083,815536.8644995,9.20667936125693,-815536.8644995,4897,0.055282735575349115,4178,79506,1016,2067,0.670450859552384,29.965613230718848,5,500.0
catboost,periodic,expanding,model,1.0,100.0,10.0,88581,3083,828346.8644995,9.35129276593739,-828346.8644995,4897,0.055282735575349115,4178,79506,1016,2067,0.670450859552384,29.965613230718848,5,500.0
catboost,periodic,expanding,model,1.0,100.0,25.0,88581,3083,866776.8644995,9.785132979978776,-866776.8644995,4897,0.055282735575349115,4178,79506,1016,2067,0.670450859552384,29.965613230718848,5,500.0
catboost,periodic,expanding,model,1.0,500.0,5.0,88581,3083,817536.8644995,9.229257566515393,-817536.8644995,4897,0.055282735575349115,4178,79506,1016,2067,0.670450859552384,29.965613230718848,5,2500.0
catboost,periodic,expanding,model,1.0,500.0,10.0,88581,3083,830346.8644995,9.373870971195855,-830346.8644995,4897,0.055282735575349115,4178,79506,1016,2067,0.670450859552384,29.965613230718848,5,2500.0
catboost,periodic,expanding,model,1.0,500.0,25.0,88581,3083,868776.8644995,9.80771118523724,-868776.8644995,4897,0.055282735575349115,4178,79506,1016,2067,0.670450859552384,29.965613230718848,5,2500.0
catboost,alert,expanding,model,0.6,0.0,5.0,88581,3083,1010591.5213840001,11.408671401135685,-1010591.5213840001,4892,0.055226290062202955,4187,79502,1061,2022,0.6558546869931885,30.91300381295469,1,0.0
catboost,alert,expanding,model,0.6,0.0,10.0,88581,3083,1023806.5213840001,11.557856892380986,-1023806.5213840001,4892,0.055226290062202955,4187,79502,1061,2022,0.6558546869931885,30.91300381295469,1,0.0
catboost,alert,expanding,model,0.6,0.0,25.0,88581,3083,1063451.521384,12.005413366116889,-1063451.521384,4892,0.055226290062202955,4187,79502,1061,2022,0.6558546869931885,30.91300381295469,1,0.0
catboost,alert,expanding,model,0.6,100.0,5.0,88581,3083,1010691.5213840001,11.409800311398607,-1010691.5213840001,4892,0.055226290062202955,4187,79502,1061,2022,0.6558546869931885,30.91300381295469,1,100.0
catboost,alert,expanding,model,0.6,100.0,10.0,88581,3083,1023906.5213840001,11.558985802643909,-1023906.5213840001,4892,0.055226290062202955,4187,79502,1061,2022,0.6558546869931885,30.91300381295469,1,100.0
catboost,alert,expanding,model,0.6,100.0,25.0,88581,3083,1063551.521384,12.006542276379811,-1063551.521384,4892,0.055226290062202955,4187,79502,1061,2022,0.6558546869931885,30.91300381295469,1,100.0
catboost,alert,expanding,model,0.6,500.0,5.0,88581,3083,1011091.5213840001,11.4143159524503,-1011091.5213840001,4892,0.055226290062202955,4187,79502,1061,2022,0.6558546869931885,30.91300381295469,1,500.0
catboost,alert,expanding,model,0.6,500.0,10.0,88581,3083,1024306.5213840001,11.563501443695602,-1024306.5213840001,4892,0.055226290062202955,4187,79502,1061,2022,0.6558546869931885,30.91300381295469,1,500.0
catboost,alert,expanding,model,0.6,500.0,25.0,88581,3083,1063951.521384,12.011057917431504,-1063951.521384,4892,0.055226290062202955,4187,79502,1061,2022,0.6558546869931885,30.91300381295469,1,500.0
catboost,alert,expanding,model,0.8,0.0,5.0,88581,3083,921177.9158440001,10.399272031744957,-921177.9158440001,4892,0.055226290062202955,4187,79502,1061,2022,0.6558546869931885,30.91300381295469,1,0.0
catboost,alert,expanding,model,0.8,0.0,10.0,88581,3083,934392.9158440001,10.548457522990258,-934392.9158440001,4892,0.055226290062202955,4187,79502,1061,2022,0.6558546869931885,30.91300381295469,1,0.0
catboost,alert,expanding,model,0.8,0.0,25.0,88581,3083,974037.9158440001,10.99601399672616,-974037.9158440001,4892,0.055226290062202955,4187,79502,1061,2022,0.6558546869931885,30.91300381295469,1,0.0
catboost,alert,expanding,model,0.8,100.0,5.0,88581,3083,921277.9158440001,10.400400942007881,-921277.9158440001,4892,0.055226290062202955,4187,79502,1061,2022,0.6558546869931885,30.91300381295469,1,100.0
catboost,alert,expanding,model,0.8,100.0,10.0,88581,3083,934492.9158440001,10.54958643325318,-934492.9158440001,4892,0.055226290062202955,4187,79502,1061,2022,0.6558546869931885,30.91300381295469,1,100.0
catboost,alert,expanding,model,0.8,100.0,25.0,88581,3083,974137.9158440001,10.997142906989085,-974137.9158440001,4892,0.055226290062202955,4187,79502,1061,2022,0.6558546869931885,30.91300381295469,1,100.0
catboost,alert,expanding,model,0.8,500.0,5.0,88581,3083,921677.9158440001,10.404916583059574,-921677.9158440001,4892,0.055226290062202955,4187,79502,1061,2022,0.6558546869931885,30.91300381295469,1,500.0
catboost,alert,expanding,model,0.8,500.0,10.0,88581,3083,934892.9158440001,10.554102074304874,-934892.9158440001,4892,0.055226290062202955,4187,79502,1061,2022,0.6558546869931885,30.91300381295469,1,500.0
catboost,alert,expanding,model,0.8,500.0,25.0,88581,3083,974537.9158440001,11.001658548040776,-974537.9158440001,4892,0.055226290062202955,4187,79502,1061,2022,0.6558546869931885,30.91300381295469,1,500.0
catboost,alert,expanding,model,1.0,0.0,5.0,88581,3083,831764.3103039999,9.389872662354229,-831764.3103039999,4892,0.055226290062202955,4187,79502,1061,2022,0.6558546869931885,30.91300381295469,1,0.0
catboost,alert,expanding,model,1.0,0.0,10.0,88581,3083,844979.3103039999,9.53905815359953,-844979.3103039999,4892,0.055226290062202955,4187,79502,1061,2022,0.6558546869931885,30.91300381295469,1,0.0
catboost,alert,expanding,model,1.0,0.0,25.0,88581,3083,884624.3103039999,9.986614627335433,-884624.3103039999,4892,0.055226290062202955,4187,79502,1061,2022,0.6558546869931885,30.91300381295469,1,0.0
catboost,alert,expanding,model,1.0,100.0,5.0,88581,3083,831864.3103039999,9.391001572617151,-831864.3103039999,4892,0.055226290062202955,4187,79502,1061,2022,0.6558546869931885,30.91300381295469,1,100.0
catboost,alert,expanding,model,1.0,100.0,10.0,88581,3083,845079.3103039999,9.540187063862453,-845079.3103039999,4892,0.055226290062202955,4187,79502,1061,2022,0.6558546869931885,30.91300381295469,1,100.0
catboost,alert,expanding,model,1.0,100.0,25.0,88581,3083,884724.3103039999,9.987743537598355,-884724.3103039999,4892,0.055226290062202955,4187,79502,1061,2022,0.6558546869931885,30.91300381295469,1,100.0
catboost,alert,expanding,model,1.0,500.0,5.0,88581,3083,832264.3103039999,9.395517213668844,-832264.3103039999,4892,0.055226290062202955,4187,79502,1061,2022,0.6558546869931885,30.91300381295469,1,500.0
catboost,alert,expanding,model,1.0,500.0,10.0,88581,3083,845479.3103039999,9.544702704914146,-845479.3103039999,4892,0.055226290062202955,4187,79502,1061,2022,0.6558546869931885,30.91300381295469,1,500.0
catboost,alert,expanding,model,1.0,500.0,25.0,88581,3083,885124.3103039999,9.992259178650048,-885124.3103039999,4892,0.055226290062202955,4187,79502,1061,2022,0.6558546869931885,30.91300381295469,1,500.0
none,approve_all,none,no_model,0.8,0.0,10.0,88581,3083,2070973.5776100003,23.37943326006706,-2070973.5776100003,0,0.0,0,88581,3083,0,0.0,0.0,0,0.0
lightgbm,recalibrate_thresholds,none,model,0.8,0.0,10.0,88581,3083,789463.605159,8.912335660683443,-789463.605159,4893,0.055237579164832185,3781,79907,952,2131,0.6912098605254622,24.281269737303795,0,0.0
